Team;Total MIN;EFG%;FTA RATE;TOV%;OREB%;OPP EFG%;OPP FTA RATE;OPP TOV%;OPP OREB%;Season
Milwaukee;3966;55.5;0.248;14.3;28.4;52.0;0.225;11.6;25.5;2022-2023
Boston;3996;56.6;0.243;13.3;25.5;52.8;0.234;12.6;25.4;2022-2023
Philadelphia;3976;56.3;0.300;13.9;25.8;54.1;0.277;14.5;27.9;2022-2023
Denver;3951;57.3;0.259;14.7;28.9;54.3;0.260;13.6;27.3;2022-2023
Cleveland;3976;55.6;0.264;13.7;27.3;53.5;0.268;16.1;28.5;2022-2023
Memphis;3956;54.0;0.259;13.3;30.2;52.6;0.262;14.8;28.9;2022-2023
Sacramento;3966;57.2;0.284;13.3;26.5;56.3;0.258;13.9;26.9;2022-2023
New York;3991;54.1;0.285;13.1;31.8;53.6;0.269;12.9;27.3;2022-2023
Brooklyn;3946;56.2;0.260;13.9;23.4;53.0;0.276;13.9;31.1;2022-2023
Phoenix;3956;53.5;0.241;13.6;30.7;53.2;0.298;14.5;28.6;2022-2023
Golden State;3966;57.1;0.224;15.8;27.7;54.0;0.278;13.8;28.1;2022-2023
L.A. Clippers;3966;55.1;0.278;14.3;27.3;54.3;0.253;13.0;26.9;2022-2023
Miami;3961;53.0;0.270;13.8;27.4;56.1;0.253;16.1;26.7;2022-2023
L.A. Lakers;3976;54.2;0.299;13.7;26.9;53.5;0.222;12.3;27.3;2022-2023
Minnesota;3966;56.0;0.271;15.0;25.8;54.0;0.293;15.0;29.7;2022-2023
New Orleans;3971;54.3;0.279;14.5;29.0;54.3;0.272;14.9;26.8;2022-2023
Atlanta;3971;54.1;0.244;12.6;28.9;55.2;0.257;13.8;28.3;2022-2023
Toronto;3961;51.7;0.257;11.8;31.6;56.5;0.280;16.9;27.9;2022-2023
Chicago;3981;55.0;0.251;13.3;23.6;54.4;0.253;15.0;26.4;2022-2023
Oklahoma City;3971;53.1;0.256;12.7;28.9;54.7;0.288;16.3;30.7;2022-2023
Dallas;3986;56.5;0.298;12.4;22.6;54.9;0.290;13.3;28.3;2022-2023
Utah;3961;54.7;0.265;15.1;30.8;54.1;0.265;12.3;28.9;2022-2023
Indiana;3951;54.5;0.265;14.6;28.5;55.4;0.287;14.8;31.5;2022-2023
Washington;3951;55.0;0.258;14.2;27.3;54.0;0.244;12.3;27.6;2022-2023
Orlando;3956;53.2;0.290;15.1;28.1;55.0;0.265;14.6;27.0;2022-2023
Portland;3946;54.9;0.289;14.5;26.4;56.3;0.276;13.6;29.1;2022-2023
Charlotte;3966;51.6;0.261;13.9;27.6;54.4;0.266;14.0;28.3;2022-2023
Houston;3951;51.6;0.285;16.2;34.4;56.4;0.275;13.2;27.1;2022-2023
San Antonio;3971;52.5;0.229;14.8;29.9;57.6;0.260;13.5;29.1;2022-2023
Detroit;3961;52.0;0.295;15.0;29.2;55.7;0.298;13.4;29.8;2022-2023
Phoenix;3946;54.9;0.221;12.9;26.4;51.0;0.257;14.6;27.2;2021-2022
Memphis;3956;52.2;0.245;13.0;33.8;52.3;0.253;14.9;27.4;2021-2022
Golden State;3946;55.2;0.235;15.0;26.9;50.9;0.265;14.7;26.4;2021-2022
Miami;3971;54.7;0.252;14.9;27.8;52.4;0.268;15.4;26.5;2021-2022
Dallas;3951;53.8;0.249;13.0;25.6;52.1;0.241;13.6;26.7;2021-2022
Boston;3981;54.2;0.239;13.9;27.7;50.2;0.234;14.0;27.5;2021-2022
Milwaukee  ;3951;54.6;0.257;13.3;26.9;53.6;0.220;12.9;25.3;2021-2022
Philadelphia;3961;53.4;0.282;12.9;24.6;52.4;0.250;13.6;27.6;2021-2022
Utah;3946;55.5;0.271;14.3;30.0;52.1;0.216;12.3;26.2;2021-2022
Denver;3961;55.6;0.244;14.6;26.8;53.7;0.249;12.9;24.8;2021-2022
Toronto;3971;51.0;0.234;12.8;32.5;53.5;0.252;16.2;28.6;2021-2022
Chicago;3946;54.1;0.248;13.0;24.9;54.1;0.251;13.2;26.5;2021-2022
Minnesota;3956;53.9;0.254;14.1;28.4;53.5;0.291;16.0;29.4;2021-2022
Brooklyn;3951;54.0;0.246;14.1;28.1;52.1;0.255;13.3;29.6;2021-2022
Cleveland;3946;53.8;0.261;14.8;27.7;52.0;0.223;13.8;27.6;2021-2022
Atlanta ;3941;54.3;0.253;12.0;26.9;54.3;0.224;12.9;26.9;2021-2022
Charlotte;3976;54.4;0.234;13.1;27.0;54.4;0.246;14.8;29.4;2021-2022
L.A. Clippers;3956;53.1;0.224;13.9;25.4;51.4;0.216;13.7;29.4;2021-2022
New York;3956;51.3;0.280;13.7;29.1;52.1;0.259;13.1;26.0;2021-2022
New Orleans;3951;51.7;0.264;14.3;30.6;54.7;0.250;14.4;25.8;2021-2022
Washington;3966;53.2;0.252;13.3;24.7;52.9;0.251;12.0;26.9;2021-2022
San Antonio;3961;52.7;0.220;12.6;28.1;53.2;0.229;13.6;28.9;2021-2022
L.A. Lakers;3996;53.7;0.259;14.2;25.6;54.0;0.257;13.8;28.0;2021-2022
Sacramento;3961;52.5;0.264;14.0;25.9;55.1;0.226;13.4;28.6;2021-2022
Portland;3946;51.5;0.248;14.6;26.8;55.9;0.286;14.2;27.9;2021-2022
Indiana;3976;53.1;0.239;14.5;31.0;55.2;0.256;13.3;27.5;2021-2022
Oklahoma City;3961;49.7;0.223;14.0;25.6;53.3;0.220;13.2;27.3;2021-2022
Detroit;3956;49.4;0.249;14.3;27.6;54.1;0.292;14.7;29.3;2021-2022
Orlando;3956;50.3;0.223;14.4;24.9;53.2;0.254;13.1;26.5;2021-2022
Houston;3951;53.4;0.284;16.2;26.5;55.4;0.263;13.9;29.0;2021-2022
Utah;3471;56.3;0.244;14.2;28.4;50.7;0.207;11.5;24.3;2020-2021
Phoenix;3496;56.4;0.212;12.6;24.8;53.4;0.250;13.7;25.9;2020-2021
Philadelphia;3486;54.1;0.293;14.3;27.7;52.1;0.262;15.4;26.3;2020-2021
Brooklyn;3481;57.5;0.258;13.4;25.2;53.1;0.241;12.5;27.4;2020-2021
Denver;3496;55.7;0.219;13.6;29.2;54.5;0.258;14.3;24.9;2020-2021
L.A. Clippers;3456;56.4;0.222;13.5;27.0;53.1;0.239;13.2;24.6;2020-2021
Milwaukee  ;3466;56.6;0.233;13.4;26.9;53.6;0.202;12.7;24.5;2020-2021
Dallas;3461;55.0;0.242;12.3;25.3;53.4;0.259;12.9;26.6;2020-2021
L.A. Lakers;3491;53.6;0.271;15.2;26.9;52.6;0.237;15.2;25.2;2020-2021
Portland;3461;54.0;0.238;11.2;27.3;54.6;0.258;12.5;26.9;2020-2021
Atlanta ;3481;53.9;0.278;13.3;28.4;53.0;0.237;12.4;25.8;2020-2021
New York;3486;52.4;0.242;13.3;26.4;50.9;0.257;13.1;26.2;2020-2021
Miami;3476;54.6;0.252;14.4;24.0;54.2;0.234;15.4;26.7;2020-2021
Golden State;3461;55.1;0.239;14.6;22.2;52.2;0.286;14.6;27.3;2020-2021
Memphis;3481;52.8;0.232;13.1;28.5;53.5;0.249;14.6;26.4;2020-2021
Boston;3476;54.3;0.234;14.1;28.9;53.9;0.273;14.2;26.3;2020-2021
Indiana;3491;54.2;0.227;13.1;24.7;53.1;0.258;14.4;29.9;2020-2021
Washington;3481;53.1;0.288;13.7;25.0;53.9;0.277;13.9;26.4;2020-2021
Charlotte;3471;53.2;0.238;14.9;27.6;55.0;0.219;14.8;27.8;2020-2021
San Antonio;3496;51.7;0.243;11.3;24.3;54.1;0.230;13.1;26.7;2020-2021
Chicago;3476;54.7;0.197;15.1;26.7;53.8;0.253;12.7;23.3;2020-2021
New Orleans;3486;53.7;0.293;14.4;30.2;55.0;0.236;13.2;24.5;2020-2021
Sacramento;3461;54.9;0.248;13.3;25.3;55.7;0.253;13.6;28.7;2020-2021
Toronto;3461;52.9;0.241;13.3;25.6;54.3;0.293;16.2;28.4;2020-2021
Minnesota;3481;52.0;0.254;13.9;27.1;55.6;0.264;14.9;28.3;2020-2021
Cleveland;3486;50.8;0.261;15.7;28.0;55.6;0.235;14.5;27.1;2020-2021
Oklahoma City;3471;50.9;0.242;15.8;25.4;54.7;0.216;12.8;25.8;2020-2021
Orlando;3466;49.0;0.240;12.9;25.2;54.7;0.215;12.8;25.6;2020-2021
Detroit;3486;51.9;0.273;15.1;26.7;54.1;0.257;14.1;27.5;2020-2021
Houston;3461;52.1;0.252;14.5;24.0;55.5;0.256;14.4;27.7;2020-2021
Milwaukee  ;3519;55.2;0.271;14.2;24.1;48.9;0.226;13.3;22.5;2019-2020
Toronto;3476;53.6;0.264;14.6;25.6;50.2;0.263;16.5;27.9;2019-2020
L.A. Lakers;3418;54.2;0.276;14.9;28.3;51.5;0.263;15.7;26.3;2019-2020
L.A. Clippers;3476;53.5;0.295;14.2;27.8;50.6;0.272;13.7;26.3;2019-2020
Boston;3486;53.1;0.259;13.7;28.3;50.9;0.281;15.1;26.9;2019-2020
Denver;3549;53.5;0.235;13.9;29.4;53.3;0.260;14.4;27.5;2019-2020
Indiana;3524;53.4;0.216;13.2;24.3;51.1;0.244;14.7;28.2;2019-2020
Houston;3476;53.7;0.288;14.0;24.9;52.9;0.259;15.4;28.7;2019-2020
Miami;3549;54.7;0.299;14.9;25.7;52.3;0.272;14.0;24.7;2019-2020
Oklahoma City;3486;53.0;0.290;13.7;24.1;51.8;0.218;14.2;27.2;2019-2020
Utah;3471;54.9;0.268;15.2;26.1;51.8;0.241;12.4;25.4;2019-2020
Dallas;3635;54.5;0.264;12.6;27.5;52.5;0.230;11.9;26.0;2019-2020
Philadelphia;3519;53.4;0.255;14.2;28.1;52.3;0.285;13.8;24.7;2019-2020
Brooklyn;3496;52.0;0.267;14.8;28.0;51.1;0.243;12.4;26.4;2019-2020
Portland;3567;53.3;0.242;12.6;26.6;53.0;0.270;12.7;28.8;2019-2020
Memphis;3514;52.8;0.240;14.7;27.1;52.1;0.277;14.3;26.7;2019-2020
Phoenix;3519;53.2;0.271;14.5;26.1;53.9;0.280;15.2;26.6;2019-2020
Orlando;3514;50.6;0.256;12.9;26.7;53.5;0.228;14.7;25.1;2019-2020
San Antonio;3443;53.1;0.262;12.3;23.3;54.2;0.249;12.9;24.9;2019-2020
Sacramento;3491;53.4;0.230;14.4;25.8;54.3;0.285;15.1;26.4;2019-2020
New Orleans;3486;53.9;0.256;15.6;28.7;53.2;0.268;13.9;27.1;2019-2020
Washington;3471;52.3;0.270;13.6;26.2;55.8;0.297;15.6;28.8;2019-2020
Charlotte;3150;50.4;0.252;15.0;28.0;54.6;0.210;14.8;29.4;2019-2020
Chicago;3135;51.5;0.231;15.3;26.7;54.6;0.315;18.1;28.1;2019-2020
New York;3193;50.1;0.263;14.3;30.0;54.1;0.299;13.8;25.8;2019-2020
Atlanta ;3256;51.5;0.258;15.5;26.7;54.3;0.303;14.3;29.2;2019-2020
Detroit;3193;52.9;0.261;15.5;27.7;54.1;0.239;14.2;28.3;2019-2020
Cleveland;3145;52.2;0.227;16.5;29.6;56.0;0.214;13.0;26.2;2019-2020
Minnesota;3112;51.4;0.277;14.6;26.4;54.1;0.279;14.7;26.9;2019-2020
Golden State;3145;49.7;0.264;14.6;25.5;55.3;0.247;15.4;27.8;2019-2020
Milwaukee  ;3956;55.0;0.255;13.3;25.0;50.3;0.221;12.8;24.3;2018-2019
Toronto;3976;54.3;0.247;13.8;26.5;50.9;0.249;14.7;27.4;2018-2019
Golden State;3961;56.5;0.227;13.9;25.7;50.8;0.266;13.2;27.3;2018-2019
Denver;3946;52.7;0.232;13.6;30.8;52.1;0.257;13.7;25.6;2018-2019
Houston;3966;54.2;0.279;13.5;26.9;52.5;0.274;15.2;30.0;2018-2019
Portland;3971;52.8;0.258;13.7;30.8;51.6;0.253;12.3;26.1;2018-2019
Philadelphia;3961;53.2;0.312;14.4;27.8;51.2;0.268;12.3;25.9;2018-2019
Utah;3951;53.8;0.295;14.9;27.5;50.7;0.251;13.7;24.1;2018-2019
Boston;3956;53.4;0.215;12.7;25.7;51.4;0.259;15.0;27.2;2018-2019
Oklahoma City;3971;51.4;0.266;13.4;29.8;52.3;0.271;16.0;26.2;2018-2019
Indiana;3941;53.0;0.242;13.9;26.9;51.6;0.243;15.8;27.8;2018-2019
L.A. Clippers;3966;52.9;0.326;14.1;26.3;51.4;0.288;12.7;27.8;2018-2019
San Antonio;3961;53.4;0.237;12.2;24.6;52.8;0.225;12.2;25.6;2018-2019
Brooklyn;3996;52.0;0.284;14.6;28.2;51.2;0.247;13.1;28.0;2018-2019
Orlando;3956;51.8;0.216;13.3;25.9;51.5;0.239;13.1;24.6;2018-2019
Detroit;3971;50.9;0.262;14.0;29.1;52.6;0.279;14.2;25.5;2018-2019
Charlotte;3966;51.4;0.257;12.2;26.8;53.8;0.227;13.5;26.9;2018-2019
Miami;3946;51.5;0.247;14.9;29.1;51.0;0.262;14.3;26.9;2018-2019
Sacramento;3946;52.4;0.244;12.8;26.8;53.3;0.269;15.3;28.7;2018-2019
L.A. Lakers;3956;52.7;0.257;15.0;27.0;51.6;0.245;13.7;27.5;2018-2019
Minnesota;3966;51.1;0.267;12.9;29.2;53.8;0.247;14.5;29.1;2018-2019
Dallas;3956;51.9;0.291;14.2;27.3;52.2;0.246;13.0;26.6;2018-2019
Memphis;3976;50.8;0.272;14.3;24.7;52.1;0.296;15.5;27.6;2018-2019
New Orleans;3951;52.9;0.254;14.2;28.5;53.2;0.253;13.0;27.1;2018-2019
Washington;3986;53.1;0.266;13.6;25.2;54.6;0.255;15.2;29.4;2018-2019
Atlanta ;3971;52.2;0.255;16.2;28.4;54.1;0.313;14.3;28.2;2018-2019
Chicago;3981;50.5;0.235;14.1;24.2;54.1;0.247;13.3;27.3;2018-2019
Cleveland;3951;50.3;0.236;13.8;28.2;56.4;0.235;12.8;26.8;2018-2019
Phoenix;3976;51.4;0.259;15.3;24.7;54.5;0.313;15.3;31.7;2018-2019
New York;3956;49.0;0.270;14.0;26.4;53.3;0.265;13.1;28.3;2018-2019
Houston;3951;55.1;0.298;14.1;25.4;52.1;0.229;14.8;25.0;2017-2018
Toronto;3966;53.9;0.250;13.5;27.4;50.1;0.277;14.5;27.5;2017-2018
Golden State;3946;56.9;0.239;15.3;24.3;50.4;0.245;14.2;28.8;2017-2018
Boston;3961;51.8;0.243;14.4;26.3;49.5;0.251;14.5;26.1;2017-2018
Philadelphia;3956;53.5;0.263;16.3;28.6;49.2;0.293;14.1;26.4;2017-2018
Cleveland;3946;54.7;0.275;13.9;24.3;54.0;0.219;13.6;27.0;2017-2018
Portland;3951;51.1;0.240;13.9;27.9;50.3;0.256;13.0;25.4;2017-2018
Indiana;3951;52.5;0.222;13.6;27.1;52.7;0.230;16.0;27.9;2017-2018
New Orleans;3991;54.1;0.237;14.5;24.0;51.3;0.223;14.1;27.4;2017-2018
Oklahoma City;3966;51.4;0.275;14.3;32.0;52.5;0.252;16.3;27.5;2017-2018
Utah;3951;52.7;0.260;15.2;25.6;50.6;0.247;15.4;24.4;2017-2018
Minnesota;3961;52.3;0.280;12.8;28.9;53.9;0.242;15.5;28.0;2017-2018
San Antonio;3946;50.7;0.245;13.7;27.7;50.7;0.224;14.7;25.9;2017-2018
Denver;3976;53.6;0.258;15.1;30.0;53.9;0.235;14.0;26.4;2017-2018
Miami;3986;52.0;0.229;14.8;26.1;50.7;0.274;14.5;25.9;2017-2018
Milwaukee  ;3966;53.1;0.281;14.2;24.4;52.8;0.281;15.9;29.1;2017-2018
Washington;3971;52.5;0.254;14.8;27.4;52.2;0.279;15.1;26.8;2017-2018
L.A. Clippers;3941;52.7;0.299;14.7;28.4;52.0;0.259;14.1;28.2;2017-2018
Detroit;3961;51.2;0.227;13.8;26.9;52.4;0.222;15.2;26.0;2017-2018
Charlotte;3956;50.8;0.312;12.8;27.1;53.2;0.208;13.7;23.7;2017-2018
L.A. Lakers;3981;51.7;0.264;15.5;27.9;51.4;0.250;14.0;27.1;2017-2018
New York;3966;51.0;0.216;15.0;28.9;52.2;0.269;13.5;27.3;2017-2018
Brooklyn;3971;51.4;0.260;15.1;25.1;51.7;0.262;12.3;26.9;2017-2018
Chicago;3971;49.7;0.216;14.1;25.6;54.2;0.233;13.6;23.3;2017-2018
Sacramento;3951;50.2;0.194;14.3;26.4;54.2;0.260;14.9;26.9;2017-2018
Orlando;3946;51.2;0.238;14.7;24.8;52.5;0.243;14.4;28.6;2017-2018
Atlanta ;3941;51.2;0.236;15.7;26.3;53.6;0.237;15.3;28.1;2017-2018
Dallas;3961;51.3;0.217;12.7;22.4;53.2;0.255;14.1;25.1;2017-2018
Memphis;3941;50.0;0.255;15.6;27.6;52.9;0.333;15.4;27.9;2017-2018
Phoenix;3941;49.5;0.275;15.5;27.1;53.3;0.277;13.2;27.6;2017-2018
Golden State;3956;56.3;0.259;14.6;27.2;48.6;0.261;15.4;29.1;2016-2017
San Antonio;3961;52.4;0.263;14.1;28.2;49.2;0.249;15.1;27.0;2016-2017
Houston;3956;54.5;0.304;15.0;28.1;51.9;0.250;14.9;28.3;2016-2017
Boston;3951;52.5;0.273;13.6;25.9;50.3;0.290;14.3;29.5;2016-2017
Cleveland;3976;54.7;0.275;14.0;26.4;51.6;0.226;12.9;27.8;2016-2017
L.A. Clippers;3951;53.7;0.312;13.3;25.6;50.6;0.274;13.6;26.7;2016-2017
Toronto;3956;51.7;0.293;13.2;29.1;50.7;0.286;15.3;28.3;2016-2017
Utah;3951;52.6;0.288;14.8;27.0;49.3;0.253;13.1;25.7;2016-2017
Washington;3971;52.8;0.254;14.3;28.6;52.4;0.284;15.5;28.4;2016-2017
Oklahoma City;3961;50.0;0.295;15.2;32.3;51.1;0.285;13.9;25.8;2016-2017
Atlanta ;3976;50.4;0.295;16.0;28.2;50.7;0.232;15.6;28.3;2016-2017
Memphis;3981;49.1;0.280;13.7;29.5;50.6;0.341;15.2;26.9;2016-2017
Indiana;3971;51.6;0.261;14.1;25.5;51.2;0.286;15.3;28.7;2016-2017
Milwaukee  ;3956;52.7;0.274;14.6;26.0;51.8;0.279;15.4;29.4;2016-2017
Chicago;3956;48.7;0.259;14.0;31.1;50.7;0.219;13.9;26.7;2016-2017
Miami;3956;51.2;0.251;14.0;28.4;49.6;0.281;14.2;28.2;2016-2017
Portland;3986;52.0;0.275;13.9;26.9;50.8;0.307;13.0;28.0;2016-2017
Denver;3951;53.0;0.276;15.0;31.4;53.2;0.248;12.0;24.7;2016-2017
Detroit;3961;49.2;0.218;12.3;28.6;51.6;0.253;13.3;22.5;2016-2017
Charlotte;3966;50.1;0.279;11.9;24.7;52.3;0.211;13.5;25.1;2016-2017
New Orleans;3981;50.4;0.256;12.9;22.8;50.9;0.232;14.0;27.2;2016-2017
Dallas;3956;50.5;0.225;12.7;21.6;52.9;0.282;16.0;26.7;2016-2017
Sacramento;3976;51.6;0.284;15.2;25.8;52.8;0.291;14.5;27.7;2016-2017
Minnesota;3961;51.1;0.287;14.6;30.9;53.5;0.275;14.8;29.0;2016-2017
New York;3971;49.6;0.239;14.3;30.5;51.1;0.278;13.3;30.2;2016-2017
Orlando;3961;48.9;0.246;13.7;26.7;52.3;0.263;13.4;27.4;2016-2017
Philadelphia;3966;50.1;0.258;16.7;27.3;51.2;0.303;15.1;29.1;2016-2017
L.A. Lakers;3941;50.1;0.259;15.3;28.4;54.2;0.279;14.6;28.3;2016-2017
Phoenix;3966;49.3;0.297;15.2;29.9;52.5;0.338;14.6;28.2;2016-2017
Brooklyn;3951;50.7;0.289;16.2;24.1;51.3;0.275;13.0;28.4;2016-2017
Golden State;3976;56.3;0.250;15.0;26.7;47.9;0.275;14.3;28.0;2015-2016
San Antonio;3941;52.6;0.246;13.8;26.6;47.7;0.240;15.7;25.4;2015-2016
Cleveland;3971;52.4;0.259;14.3;29.4;49.6;0.275;14.1;25.8;2015-2016
Toronto;3956;50.4;0.328;13.9;30.0;49.8;0.269;14.2;26.4;2015-2016
Oklahoma City;3966;52.4;0.292;16.2;34.7;48.4;0.271;13.3;28.0;2015-2016
L.A. Clippers;3966;52.4;0.318;13.3;23.4;48.0;0.296;15.7;30.3;2015-2016
Atlanta ;3966;51.6;0.237;15.2;23.4;48.0;0.256;16.4;30.2;2015-2016
Boston;3956;48.8;0.264;13.8;29.0;48.7;0.306;16.4;29.3;2015-2016
Charlotte;3971;50.2;0.280;12.9;24.4;49.6;0.249;13.8;24.6;2015-2016
Miami;3966;50.8;0.282;14.8;28.0;48.5;0.255;13.6;27.1;2015-2016
Indiana;3976;49.7;0.268;15.1;27.1;48.9;0.273;16.1;28.6;2015-2016
Detroit;3976;49.1;0.296;14.0;31.3;50.4;0.250;13.9;24.7;2015-2016
Portland;3961;51.1;0.268;15.0;29.4;50.3;0.307;13.6;27.2;2015-2016
Chicago;3981;48.7;0.240;14.2;29.0;48.5;0.247;12.2;28.6;2015-2016
Dallas;4001;50.2;0.265;13.2;24.1;50.4;0.269;14.4;27.7;2015-2016
Memphis;3966;47.7;0.295;14.0;29.8;51.8;0.326;17.1;29.1;2015-2016
Houston;3966;51.6;0.352;16.1;29.7;51.6;0.289;16.8;30.8;2015-2016
Washington;3951;51.1;0.263;14.5;25.0;51.5;0.283;16.2;26.3;2015-2016
Utah;3991;50.1;0.286;16.1;30.3;49.5;0.281;15.0;26.9;2015-2016
Orlando;3981;50.0;0.232;14.4;27.1;51.3;0.288;15.5;27.4;2015-2016
Denver;3966;48.9;0.282;15.1;30.4;51.5;0.284;14.1;26.8;2015-2016
Milwaukee  ;3966;49.9;0.276;15.9;28.6;51.0;0.288;16.2;31.1;2015-2016
Sacramento;3961;51.0;0.295;16.0;28.1;52.1;0.264;15.7;28.3;2015-2016
New York;3961;48.3;0.255;14.2;28.0;48.7;0.271;11.9;28.2;2015-2016
New Orleans;3956;49.8;0.259;13.7;25.2;52.3;0.287;14.0;25.2;2015-2016
Minnesota;3976;49.8;0.332;15.5;27.9;52.4;0.265;15.3;29.8;2015-2016
Phoenix;3941;48.7;0.271;17.3;29.7;52.3;0.317;15.0;26.7;2015-2016
Brooklyn;3951;49.2;0.246;15.3;27.9;53.4;0.230;14.7;28.4;2015-2016
L.A. Lakers;3946;46.0;0.292;14.2;27.1;52.3;0.277;13.1;28.8;2015-2016
Philadelphia;3961;48.7;0.269;16.5;25.0;51.0;0.306;15.3;30.7;2015-2016
Golden State;3946;54.0;0.239;14.5;27.3;47.0;0.284;16.3;29.7;2014-2015
Atlanta ;3946;52.7;0.259;15.0;26.4;49.2;0.242;16.9;30.3;2014-2015
Houston;3961;51.2;0.312;17.0;30.5;48.6;0.277;16.7;31.4;2014-2015
L.A. Clippers;3946;53.3;0.303;12.9;27.2;49.3;0.312;14.9;28.4;2014-2015
Memphis;3981;48.9;0.276;14.2;28.8;49.2;0.247;16.3;28.4;2014-2015
San Antonio;3991;51.7;0.256;14.6;27.2;48.4;0.256;14.9;27.0;2014-2015
Cleveland;3956;52.0;0.287;15.2;31.1;50.2;0.238;14.2;28.9;2014-2015
Portland;3971;50.8;0.225;14.2;28.2;47.6;0.240;12.7;27.2;2014-2015
Chicago;3976;48.9;0.304;14.7;31.2;47.3;0.242;12.9;29.1;2014-2015
Dallas;3976;51.5;0.262;13.3;26.9;50.3;0.271;16.7;31.9;2014-2015
Toronto;3971;50.8;0.295;13.7;30.1;50.6;0.283;15.3;31.1;2014-2015
Washington;3991;49.9;0.259;15.7;28.8;48.1;0.284;14.6;27.4;2014-2015
New Orleans;3956;50.1;0.263;14.3;30.9;49.6;0.257;13.2;28.8;2014-2015
Oklahoma City;3966;49.2;0.284;15.1;31.8;48.9;0.286;14.0;27.0;2014-2015
Milwaukee  ;3986;49.9;0.258;17.5;29.0;48.7;0.298;18.1;31.4;2014-2015
Boston;3976;48.9;0.233;14.2;28.9;49.4;0.275;15.5;29.0;2014-2015
Phoenix;3976;50.1;0.251;15.4;28.1;49.7;0.291;15.9;30.2;2014-2015
Brooklyn;3986;49.1;0.267;14.6;27.8;50.6;0.253;14.6;29.9;2014-2015
Indiana;3971;48.4;0.266;14.8;28.6;47.8;0.288;13.5;26.5;2014-2015
Utah;3941;49.4;0.297;16.8;33.2;49.1;0.267;14.4;28.5;2014-2015
Miami;3946;50.0;0.306;16.1;28.4;50.5;0.292;16.2;31.3;2014-2015
Charlotte;3981;45.6;0.269;12.6;27.0;48.7;0.244;13.3;25.4;2014-2015
Detroit;3966;48.2;0.261;14.2;31.6;50.2;0.249;14.8;28.8;2014-2015
Denver;3976;47.9;0.278;14.6;30.3;50.4;0.320;14.6;30.0;2014-2015
Sacramento;3971;49.0;0.363;16.8;31.3;50.7;0.268;13.3;28.5;2014-2015
Orlando;3951;49.4;0.230;15.7;26.9;51.4;0.279;15.2;28.4;2014-2015
L.A. Lakers;3986;47.3;0.276;13.8;29.0;51.8;0.311;13.5;28.0;2014-2015
Philadelphia;3961;45.9;0.288;18.3;29.3;49.7;0.298;17.2;31.4;2014-2015
New York;3971;47.0;0.234;15.8;28.9;51.2;0.308;15.1;30.9;2014-2015
Minnesota;3961;46.8;0.309;15.6;31.1;53.7;0.246;15.8;31.8;2014-2015
San Antonio;3951;53.7;0.240;15.0;26.1;48.2;0.242;14.4;27.5;2013-2014
Oklahoma City;3961;52.0;0.303;15.8;29.4;48.8;0.304;15.7;27.8;2013-2014
L.A. Clippers;3951;52.6;0.353;14.3;28.8;48.4;0.294;15.8;31.0;2013-2014
Indiana;3956;49.0;0.290;16.2;29.6;46.0;0.261;14.6;27.9;2013-2014
Houston;3966;53.1;0.386;16.5;30.6;48.9;0.255;14.3;30.0;2013-2014
Miami;3976;55.4;0.300;15.9;24.4;51.1;0.283;18.0;31.4;2013-2014
Portland;3971;50.4;0.270;14.2;32.0;48.8;0.253;12.4;28.7;2013-2014
Golden State;3966;51.7;0.247;15.5;28.4;47.7;0.292;15.3;27.6;2013-2014
Memphis;3961;49.4;0.248;15.0;32.6;49.7;0.259;15.5;28.2;2013-2014
Dallas;3966;52.6;0.253;14.1;27.6;51.5;0.303;16.7;30.6;2013-2014
Chicago;3986;47.1;0.290;16.2;32.1;47.1;0.250;15.6;28.7;2013-2014
Phoenix;3951;51.9;0.293;15.8;29.8;49.6;0.309;15.8;30.1;2013-2014
Toronto;3991;49.8;0.306;15.1;31.2;49.3;0.315;15.9;29.9;2013-2014
Brooklyn;3976;51.4;0.313;15.5;26.0;50.9;0.311;16.9;31.4;2013-2014
Washington;4011;50.6;0.248;15.3;28.6;50.4;0.288;16.7;28.1;2013-2014
Charlotte ;3981;48.1;0.297;13.1;26.9;49.1;0.241;14.2;27.0;2013-2014
Minnesota;3971;48.6;0.321;14.0;31.7;51.8;0.233;16.6;28.5;2013-2014
Atlanta ;3966;51.5;0.266;15.9;25.6;51.0;0.262;15.8;28.9;2013-2014
New York;3971;50.5;0.248;14.1;29.1;51.4;0.320;15.8;29.5;2013-2014
Denver;3951;49.7;0.306;16.0;31.0;50.0;0.306;14.5;29.7;2013-2014
New Orleans;3971;49.5;0.286;14.7;30.5;51.5;0.331;15.4;30.6;2013-2014
Cleveland;3986;47.9;0.268;14.9;31.4;50.8;0.263;14.7;28.9;2013-2014
Detroit;3956;48.2;0.296;15.2;34.7;52.0;0.288;15.6;30.7;2013-2014
Sacramento;3966;48.4;0.331;15.9;31.6;51.2;0.318;14.2;27.5;2013-2014
L.A. Lakers;3941;50.5;0.263;15.2;23.5;51.3;0.264;14.2;32.4;2013-2014
Boston;3946;47.7;0.248;16.3;31.4;50.5;0.299;15.1;29.2;2013-2014
Utah;3956;48.4;0.271;15.8;29.7;51.8;0.293;13.6;29.2;2013-2014
Orlando;3991;48.7;0.253;15.6;26.7;50.4;0.274;14.6;28.6;2013-2014
Philadelphia;3971;47.5;0.268;16.8;29.0;52.4;0.324;16.8;31.6;2013-2014
Milwaukee  ;3976;47.9;0.274;16.1;31.0;52.0;0.299;15.0;32.2;2013-2014
Miami;3976;55.2;0.297;15.1;26.4;48.7;0.262;17.0;32.2;2012-2013
Oklahoma City;3966;52.7;0.338;16.0;29.1;46.9;0.254;15.5;29.8;2012-2013
San Antonio;3976;53.1;0.258;15.3;24.3;48.0;0.235;15.5;28.5;2012-2013
Denver;3981;51.5;0.308;15.7;34.5;49.3;0.264;16.4;32.5;2012-2013
L.A. Clippers;3946;52.6;0.286;15.9;32.3;49.2;0.306;17.5;30.3;2012-2013
Memphis;3961;47.2;0.261;15.5;34.4;47.5;0.279;17.2;29.8;2012-2013
New York;3946;51.5;0.258;13.2;29.1;50.8;0.286;16.7;29.2;2012-2013
Brooklyn;3971;49.8;0.299;16.2;34.3;50.3;0.238;14.8;29.9;2012-2013
Indiana;3918;47.9;0.293;16.5;33.6;45.3;0.260;14.8;29.9;2012-2013
Golden State;3961;50.6;0.255;15.7;28.5;48.6;0.282;14.1;28.8;2012-2013
Chicago;3966;47.0;0.259;15.7;33.2;47.7;0.278;15.0;30.1;2012-2013
Houston;3956;52.5;0.308;16.9;30.5;50.2;0.253;15.2;29.0;2012-2013
L.A. Lakers;3951;51.2;0.345;15.7;30.9;49.6;0.222;13.6;29.8;2012-2013
Atlanta ;3971;51.7;0.244;15.7;25.4;49.6;0.237;16.1;29.9;2012-2013
Utah;3976;49.2;0.281;15.9;32.9;50.1;0.298;15.8;30.3;2012-2013
Boston;3968;50.3;0.263;15.4;24.6;48.2;0.292;16.2;31.0;2012-2013
Dallas;3996;50.6;0.242;14.4;25.9;49.2;0.302;15.2;30.2;2012-2013
Milwaukee  ;3966;47.6;0.236;14.6;31.5;49.2;0.265;16.6;32.2;2012-2013
Philadelphia;3951;48.1;0.200;14.1;29.1;49.5;0.264;15.5;30.5;2012-2013
Toronto;3996;48.8;0.274;14.8;29.6;50.0;0.331;15.4;31.2;2012-2013
Portland;3971;49.8;0.250;15.7;29.4;51.2;0.248;14.0;29.8;2012-2013
Minnesota;3946;47.3;0.305;15.7;31.2;51.1;0.248;16.8;29.8;2012-2013
Detroit;3961;48.7;0.282;16.4;32.4;50.5;0.274;14.9;30.5;2012-2013
Washington;3971;47.5;0.261;16.1;27.9;48.3;0.279;15.4;29.4;2012-2013
Sacramento;3966;49.1;0.271;15.4;30.6;51.7;0.290;15.4;32.7;2012-2013
New Orleans ;3956;48.9;0.248;16.2;33.2;52.0;0.274;14.7;29.5;2012-2013
Phoenix;3961;47.7;0.234;16.4;30.8;51.2;0.274;16.1;31.3;2012-2013
Cleveland;3946;47.3;0.265;15.0;32.6;52.3;0.304;16.3;30.5;2012-2013
Charlotte ;3961;46.0;0.310;15.1;30.5;52.4;0.264;15.1;32.1;2012-2013
Orlando;3956;48.5;0.197;15.6;29.3;50.8;0.265;13.3;29.3;2012-2013
Chicago;3188;49.0;0.255;15.4;36.1;45.0;0.236;14.7;29.7;2011-2012
San Antonio;3188;52.8;0.261;14.4;28.2;48.9;0.222;14.6;28.0;2011-2012
Oklahoma City;3198;51.6;0.334;17.2;30.4;46.5;0.270;15.0;31.3;2011-2012
Miami;3208;50.5;0.307;16.3;29.9;47.9;0.277;18.0;30.7;2011-2012
Indiana;3198;47.4;0.321;15.1;33.3;47.6;0.305;16.1;31.1;2011-2012
L.A. Lakers;3213;49.1;0.299;16.2;32.7;47.6;0.213;12.1;28.1;2011-2012
Memphis;3188;47.3;0.277;15.7;33.5;48.5;0.297;18.5;31.2;2011-2012
Atlanta ;3233;50.0;0.259;15.1;27.9;48.0;0.247;16.3;29.7;2011-2012
L.A. Clippers;3193;50.2;0.287;14.7;33.1;49.2;0.329;16.1;30.8;2011-2012
Boston;3188;49.6;0.257;16.2;24.5;45.2;0.285;17.1;31.4;2011-2012
Denver;3208;51.6;0.326;16.0;31.6;50.8;0.243;16.2;29.5;2011-2012
Orlando;3193;50.6;0.292;16.5;30.6;48.8;0.246;14.5;28.0;2011-2012
Dallas;3213;48.9;0.246;14.9;26.8;47.9;0.270;15.7;28.6;2011-2012
New York;3188;49.2;0.306;16.9;30.9;48.5;0.304;18.0;29.8;2011-2012
Utah;3233;48.1;0.302;15.0;34.0;49.3;0.325;15.5;29.7;2011-2012
Philadelphia;3183;48.0;0.217;12.3;27.7;46.0;0.255;15.3;28.8;2011-2012
Houston;3213;49.2;0.235;15.4;30.9;49.0;0.275;15.6;30.8;2011-2012
Phoenix;3168;49.9;0.257;15.0;29.4;49.1;0.262;15.0;31.3;2011-2012
Milwaukee  ;3173;48.1;0.250;14.8;31.4;48.9;0.281;16.8;32.5;2011-2012
Portland;3193;48.8;0.263;15.2;30.3;50.4;0.266;16.0;30.9;2011-2012
Minnesota;3188;47.7;0.306;16.0;31.1;49.1;0.248;13.9;30.7;2011-2012
Detroit;3193;46.8;0.279;17.2;32.2;50.0;0.295;15.9;31.1;2011-2012
Golden State;3183;50.5;0.227;14.7;25.6;49.6;0.318;15.7;34.2;2011-2012
Toronto;3193;47.5;0.274;16.7;29.4;47.5;0.350;14.5;29.2;2011-2012
New Jersey;3178;47.3;0.269;16.5;31.4;51.3;0.282;15.6;32.3;2011-2012
Sacramento;3183;47.2;0.268;15.0;32.1;51.5;0.262;16.0;33.0;2011-2012
Cleveland;3193;46.3;0.307;16.6;32.3;50.8;0.270;14.9;31.7;2011-2012
New Orleans ;3188;47.6;0.274;17.3;31.0;48.5;0.287;15.4;30.4;2011-2012
Washington;3173;47.2;0.253;16.3;30.8;49.2;0.302;16.2;32.2;2011-2012
Charlotte ;3178;43.9;0.276;15.7;28.5;51.2;0.275;14.6;32.2;2011-2012
Chicago;3966;50.1;0.305;15.4;33.2;46.3;0.291;15.4;28.3;2010-2011
San Antonio;3956;52.7;0.299;14.3;27.6;49.1;0.248;14.2;28.9;2010-2011
Miami;3956;52.4;0.363;15.1;28.7;47.5;0.299;14.3;28.5;2010-2011
Dallas;3941;52.5;0.286;15.1;27.8;48.8;0.275;14.7;28.7;2010-2011
L.A. Lakers;3966;50.2;0.293;14.1;32.5;47.7;0.236;14.7;30.8;2010-2011
Boston;3956;51.9;0.305;15.9;25.7;46.9;0.310;16.9;29.1;2010-2011
Oklahoma City;4001;50.1;0.363;14.8;30.6;49.3;0.307;14.7;30.3;2010-2011
Orlando;3966;52.1;0.328;16.2;30.4;47.5;0.295;15.0;27.7;2010-2011
Denver;3941;52.6;0.367;14.7;28.3;50.0;0.296;14.3;28.4;2010-2011
Portland;3961;48.6;0.278;14.5;33.1;51.0;0.301;17.5;31.8;2010-2011
Memphis;3976;49.3;0.291;15.0;33.3;50.2;0.300;17.9;31.8;2010-2011
New Orleans ;3966;49.3;0.296;14.5;28.9;50.1;0.286;16.1;27.9;2010-2011
Atlanta ;3946;50.1;0.269;15.1;27.4;49.5;0.273;13.8;29.0;2010-2011
Houston;3976;50.3;0.299;14.1;31.5;50.0;0.280;14.3;31.0;2010-2011
New York;3956;51.3;0.304;14.1;27.3;51.1;0.315;15.7;32.4;2010-2011
Philadelphia;3986;49.4;0.273;13.8;27.8;48.7;0.299;15.2;28.6;2010-2011
Phoenix;4001;52.2;0.283;14.7;27.5;51.3;0.280;15.0;31.9;2010-2011
Utah;3976;49.8;0.313;15.4;31.4;50.5;0.354;15.7;32.1;2010-2011
Indiana;3956;48.6;0.300;16.0;29.7;48.7;0.315;14.5;29.7;2010-2011
Golden State;3966;51.0;0.241;15.1;30.0;50.9;0.333;16.7;34.1;2010-2011
Milwaukee  ;3966;46.7;0.287;14.8;28.7;48.1;0.307;16.6;29.0;2010-2011
Charlotte ;3961;48.2;0.314;16.0;29.8;50.0;0.294;14.5;29.5;2010-2011
L.A. Clippers;3971;49.6;0.332;17.4;33.0;49.9;0.324;14.6;30.8;2010-2011
Detroit;3976;49.5;0.279;14.4;31.7;52.6;0.306;15.6;31.9;2010-2011
New Jersey;4001;47.4;0.283;15.2;30.4;50.3;0.320;13.4;30.0;2010-2011
Sacramento;3971;48.0;0.284;16.7;33.4;51.3;0.305;15.2;29.8;2010-2011
Washington;3986;47.1;0.290;16.0;31.7;51.2;0.327;16.4;32.9;2010-2011
Toronto;3956;49.1;0.293;15.6;31.4;52.2;0.326;14.8;31.5;2010-2011
Cleveland;3951;47.2;0.312;15.1;28.3;52.4;0.278;14.4;30.1;2010-2011
Minnesota;3956;48.3;0.282;17.4;33.6;51.4;0.323;14.7;30.2;2010-2011
Cleveland;3956;53.2;0.341;15.0;29.3;48.2;0.288;13.8;27.5;2009-2010
Orlando;3946;53.6;0.340;15.2;28.0;47.7;0.272;13.8;27.4;2009-2010
L.A. Lakers;3966;49.6;0.289;14.1;31.4;48.4;0.260;15.0;29.2;2009-2010
Dallas;3976;50.6;0.277;13.7;27.9;49.5;0.272;15.4;30.3;2009-2010
Phoenix;3946;54.6;0.312;15.2;31.1;49.1;0.295;13.5;32.7;2009-2010
Atlanta ;3971;50.6;0.281;13.0;32.0;49.6;0.280;15.1;31.5;2009-2010
Denver;3956;50.9;0.376;14.4;30.4;49.5;0.326;15.7;31.3;2009-2010
Utah;3951;52.4;0.340;16.0;31.3;49.2;0.353;15.9;28.2;2009-2010
Boston;3956;52.2;0.332;16.0;27.4;48.7;0.337;16.9;30.3;2009-2010
Oklahoma City;3961;49.4;0.333;15.8;32.0;48.3;0.300;15.9;30.6;2009-2010
Portland;3971;49.9;0.315;13.8;32.0;50.2;0.294;15.1;29.8;2009-2010
San Antonio;3956;51.5;0.296;14.7;30.3;48.3;0.283;13.6;28.0;2009-2010
Miami;3976;49.6;0.296;14.4;29.4;48.0;0.326;15.8;29.9;2009-2010
Milwaukee  ;3996;48.2;0.239;14.1;29.8;48.6;0.348;16.2;27.4;2009-2010
Charlotte ;3976;49.0;0.346;17.2;31.5;49.1;0.262;16.7;30.2;2009-2010
Houston;3981;49.4;0.292;15.1;30.9;51.1;0.281;15.3;30.1;2009-2010
Chicago;3981;47.7;0.287;15.1;30.3;48.4;0.284;14.0;29.1;2009-2010
Memphis;3981;49.4;0.320;16.0;35.5;52.0;0.271;14.9;30.2;2009-2010
Toronto;3956;52.1;0.319;14.2;28.8;51.3;0.314;13.4;30.8;2009-2010
New Orleans ;3966;50.6;0.243;14.3;28.2;52.3;0.274;15.2;30.4;2009-2010
Indiana;3941;49.1;0.296;15.4;25.5;49.0;0.341;15.3;31.0;2009-2010
L.A. Clippers;3941;49.1;0.283;16.8;30.5;50.9;0.281;13.8;30.3;2009-2010
New York;3976;50.9;0.256;14.6;26.8;52.6;0.275;15.0;30.9;2009-2010
Detroit;3956;47.4;0.303;14.9;34.6;52.6;0.344;15.9;30.3;2009-2010
Philadelphia;3961;49.6;0.270;15.6;31.0;51.8;0.302;15.5;30.7;2009-2010
Golden State;3946;51.4;0.294;14.4;25.4;52.5;0.340;17.3;34.1;2009-2010
Washington;3966;48.1;0.283;15.9;31.7;50.2;0.313;14.6;30.9;2009-2010
Sacramento;3976;49.1;0.286;15.6;31.5;50.5;0.315;14.3;30.0;2009-2010
Minnesota;3956;47.8;0.278;16.7;30.8;52.5;0.285;14.6;29.5;2009-2010
New Jersey;3956;45.8;0.307;15.5;28.5;51.7;0.307;15.0;31.4;2009-2010
Cleveland;3956;51.9;0.312;14.1;30.6;46.8;0.294;15.4;29.3;2008-2009
L.A. Lakers;3956;51.3;0.299;14.0;32.6;49.0;0.283;16.2;30.2;2008-2009
Boston;3976;52.8;0.328;16.9;31.4;47.0;0.329;15.8;28.5;2008-2009
Orlando;3946;52.0;0.351;14.9;27.3;46.5;0.277;14.0;28.3;2008-2009
Denver;3946;51.2;0.382;16.0;31.1;48.5;0.331;16.1;31.7;2008-2009
Portland;3966;51.1;0.306;14.5;35.5;49.9;0.282;14.9;29.2;2008-2009
San Antonio;3981;51.3;0.251;13.0;25.8;48.7;0.249;13.0;26.0;2008-2009
Houston;3961;50.1;0.292;15.4;30.8;47.9;0.257;13.5;28.6;2008-2009
Dallas;3961;50.4;0.274;13.6;29.7;49.3;0.282;13.9;29.3;2008-2009
New Orleans ;3951;50.1;0.288;14.1;28.2;49.6;0.297;14.9;29.3;2008-2009
Utah;3976;50.4;0.355;15.5;31.6;50.5;0.343;16.9;30.7;2008-2009
Atlanta ;3941;50.4;0.323;14.1;29.5;49.4;0.272;15.1;31.8;2008-2009
Phoenix;3951;54.5;0.336;16.1;30.8;51.1;0.300;14.6;31.8;2008-2009
Miami;3991;50.0;0.282;13.6;28.2;50.1;0.325;16.5;30.7;2008-2009
Chicago;3986;49.3;0.300;15.3;32.1;49.3;0.303;15.1;32.5;2008-2009
Philadelphia;3951;48.5;0.339;15.4;34.2;50.7;0.276;17.0;32.0;2008-2009
Detroit;3981;48.3;0.282;13.3;31.1;48.5;0.320;13.2;28.9;2008-2009
Indiana;3966;50.1;0.267;14.8;29.1;49.9;0.354;14.3;29.3;2008-2009
Charlotte ;3986;49.4;0.312;17.3;32.1;49.8;0.304;16.3;31.4;2008-2009
Milwaukee  ;3956;48.3;0.306;14.9;31.0;50.3;0.398;17.4;30.1;2008-2009
New Jersey;3966;49.7;0.303;14.3;28.8;50.9;0.357;14.7;29.7;2008-2009
Toronto;3961;49.4;0.279;14.3;27.6;51.1;0.258;14.2;29.4;2008-2009
New York;3961;50.3;0.268;14.6;27.7;52.0;0.284;14.7;30.4;2008-2009
Golden State;3976;49.7;0.339;14.6;29.3;50.8;0.323;14.9;34.8;2008-2009
Memphis;3961;48.6;0.329;16.6;29.7;51.5;0.320;15.9;30.3;2008-2009
Minnesota;3961;48.1;0.289;15.2;32.1;51.5;0.327;13.4;28.3;2008-2009
Oklahoma City;3961;47.1;0.308;17.0;30.9;51.4;0.284;14.5;28.4;2008-2009
L.A. Clippers;3976;48.1;0.275;15.8;28.7;51.2;0.299;14.1;32.1;2008-2009
Washington;3941;48.0;0.293;15.1;31.3;53.3;0.298;15.1;31.1;2008-2009
Sacramento;3981;49.1;0.315;16.0;28.9;52.6;0.355;14.9;33.1;2008-2009
Boston;3951;52.2;0.346;16.4;30.6;45.7;0.341;17.3;29.3;2007-2008
Detroit;3946;49.5;0.300;13.1;32.7;47.0;0.328;15.2;30.0;2007-2008
L.A. Lakers;3956;52.5;0.333;14.5;29.7;48.5;0.284;14.7;29.8;2007-2008
New Orleans ;3961;51.2;0.251;13.0;30.0;50.1;0.239;15.1;28.3;2007-2008
San Antonio;3946;50.4;0.276;14.0;26.8;47.7;0.266;14.3;26.7;2007-2008
Houston;3946;49.2;0.276;15.0;32.3;46.5;0.290;14.6;28.9;2007-2008
Phoenix;3956;55.1;0.292;14.7;25.3;48.8;0.254;13.7;32.6;2007-2008
Utah;3941;52.8;0.349;15.4;32.7;50.1;0.393;16.8;29.0;2007-2008
Orlando;3956;53.7;0.355;15.1;27.4;48.4;0.288;14.0;29.1;2007-2008
Dallas;3946;50.2;0.318;13.8;30.0;47.4;0.331;13.3;28.4;2007-2008
Denver;3971;51.0;0.358;14.4;29.2;49.9;0.278;16.2;31.4;2007-2008
Golden State;3956;51.1;0.276;13.1;30.1;50.9;0.340;16.8;32.8;2007-2008
Cleveland;3971;48.0;0.308;15.2;33.4;49.4;0.320;14.5;28.5;2007-2008
Washington;3981;48.9;0.297;14.4;32.0;51.3;0.288;15.2;30.5;2007-2008
Portland;3981;48.9;0.281;14.3;30.3;49.1;0.276;13.9;31.6;2007-2008
Toronto;3966;51.1;0.247;12.7;26.9;50.5;0.264;15.2;29.1;2007-2008
Philadelphia;3951;48.2;0.321;15.6;35.1;50.4;0.265;17.1;31.2;2007-2008
Sacramento;3966;50.3;0.346;16.6;29.0;51.0;0.340;15.8;31.1;2007-2008
Atlanta ;3971;48.3;0.340;16.0;32.9;50.1;0.289;14.7;31.8;2007-2008
Indiana;3951;49.8;0.292;15.2;27.8;49.8;0.358;16.0;29.9;2007-2008
New Jersey;3966;48.1;0.347;16.0;30.0;49.7;0.353;14.3;29.4;2007-2008
Chicago;3961;47.0;0.296;15.4;32.5;49.6;0.337;16.1;31.3;2007-2008
Charlotte ;3976;49.2;0.323;15.7;29.4;50.5;0.314;15.3;32.6;2007-2008
Milwaukee  ;3971;48.2;0.294;15.8;33.2;52.4;0.326;14.7;30.6;2007-2008
L.A. Clippers;3961;46.5;0.338;15.3;26.7;50.3;0.314;14.4;29.7;2007-2008
New York;3976;47.5;0.310;15.5;32.1;51.8;0.310;13.6;30.3;2007-2008
Memphis;3961;50.0;0.311;15.7;27.7;52.1;0.253;13.8;29.4;2007-2008
Minnesota;3946;48.4;0.248;15.6;31.4;51.3;0.350;14.5;29.7;2007-2008
Seattle;3966;46.7;0.265;16.3;30.5;50.3;0.287;13.4;30.0;2007-2008
Miami;3966;48.2;0.300;15.9;26.4;51.0;0.325;15.5;31.9;2007-2008
Dallas;3951;50.9;0.317;15.2;32.0;47.7;0.355;16.0;28.1;2006-2007
Phoenix;3981;55.1;0.267;14.9;26.2;49.2;0.268;15.5;31.7;2006-2007
San Antonio;3956;52.1;0.313;15.3;27.9;47.1;0.272;15.8;28.5;2006-2007
Detroit;3976;48.8;0.307;13.7;30.7;47.7;0.317;16.4;32.2;2006-2007
Houston;3971;49.9;0.292;15.3;28.7;46.6;0.308;15.4;27.5;2006-2007
Utah;3961;50.2;0.380;16.7;35.2;49.6;0.409;16.1;27.9;2006-2007
Cleveland;3976;48.4;0.320;15.5;32.7;48.0;0.331;16.6;27.9;2006-2007
Chicago;3956;49.3;0.313;16.8;31.9;47.3;0.346;18.4;29.3;2006-2007
Toronto;3951;50.4;0.303;14.3;25.0;50.3;0.290;16.1;28.9;2006-2007
Denver;3956;50.1;0.360;16.7;32.2;49.9;0.274;16.6;32.2;2006-2007
Miami;3971;50.6;0.321;16.0;27.9;48.5;0.313;15.8;30.7;2006-2007
Golden State;3951;51.2;0.300;15.9;28.5;50.6;0.352;18.5;33.8;2006-2007
L.A. Lakers;4006;51.1;0.333;16.1;30.0;50.0;0.345;15.3;31.0;2006-2007
New Jersey;3976;50.4;0.338;15.8;27.5;49.0;0.349;15.5;28.6;2006-2007
Washington;3966;49.1;0.356;14.4;31.2;51.7;0.320;16.4;32.2;2006-2007
L.A. Clippers;3946;48.1;0.355;16.4;30.7;48.8;0.333;15.0;28.8;2006-2007
Orlando;3956;50.0;0.393;18.6;33.3;48.0;0.376;16.5;30.3;2006-2007
New Orleans;3976;47.9;0.291;15.7;31.8;49.9;0.280;14.8;28.1;2006-2007
Indiana;3956;47.4;0.324;17.3;32.1;49.1;0.360;16.7;30.6;2006-2007
Philadelphia;3976;48.0;0.333;16.5;30.6;50.1;0.293;16.8;32.2;2006-2007
Charlotte ;4001;48.0;0.322;15.8;29.9;50.0;0.373;16.7;31.8;2006-2007
New York;4001;49.4;0.377;18.3;33.7;50.4;0.325;14.7;28.6;2006-2007
Sacramento;3961;49.1;0.379;15.1;26.7;51.3;0.317;16.9;30.8;2006-2007
Minnesota;4001;49.0;0.291;16.6;29.2;49.8;0.297;15.1;30.2;2006-2007
Portland;3991;48.3;0.314;16.6;32.6;50.8;0.343;15.2;30.3;2006-2007
Seattle;3966;49.9;0.288;16.5;31.2;51.5;0.323;16.1;32.4;2006-2007
Atlanta ;3976;47.1;0.346;17.3;32.8;50.3;0.365;16.5;32.4;2006-2007
Milwaukee  ;3971;50.4;0.286;16.1;30.6;52.2;0.316;16.6;34.3;2006-2007
Boston;3971;47.9;0.337;17.6;30.9;50.2;0.375;16.3;29.5;2006-2007
Memphis;3996;50.4;0.374;17.0;29.1;52.9;0.313;15.9;31.8;2006-2007
Detroit;3966;49.7;0.297;12.8;31.7;47.7;0.260;15.7;32.0;2005-2006
San Antonio;3961;51.3;0.298;15.3;28.9;45.7;0.298;15.4;29.2;2005-2006
Dallas;3976;49.5;0.364;15.0;34.7;47.5;0.342;15.6;31.0;2005-2006
Phoenix;3991;53.7;0.206;13.5;25.6;49.0;0.274;15.1;31.0;2005-2006
Miami;3951;51.7;0.363;15.6;29.7;47.7;0.340;14.0;27.4;2005-2006
Cleveland;3966;49.2;0.362;15.1;31.3;49.0;0.304;14.4;28.3;2005-2006
Memphis;3971;49.6;0.339;15.7;29.8;46.9;0.315;16.8;31.0;2005-2006
New Jersey;3956;47.8;0.346;14.9;27.4;47.6;0.359;15.7;27.0;2005-2006
L.A. Clippers;3961;48.7;0.332;15.4;28.6;47.1;0.328;13.7;28.1;2005-2006
L.A. Lakers;3971;49.5;0.329;15.0;31.6;48.6;0.324;15.2;29.9;2005-2006
Denver;3986;48.8;0.347;15.4;30.0;49.3;0.309;16.8;31.8;2005-2006
Sacramento;3966;49.2;0.334;15.6;28.9;48.8;0.281;15.6;30.6;2005-2006
Washington;3966;48.4;0.375;14.8;32.9;50.4;0.343;17.1;32.1;2005-2006
Chicago;3981;48.7;0.292;15.8;30.3;46.4;0.379;15.8;29.7;2005-2006
Indiana;3946;48.7;0.344;16.8;30.4;46.4;0.317;14.9;30.1;2005-2006
Utah;3976;46.7;0.397;17.4;35.6;49.0;0.406;15.7;29.8;2005-2006
Milwaukee  ;3971;49.2;0.322;15.7;30.9;50.4;0.350;15.4;28.7;2005-2006
New Orleans;3961;46.4;0.339;14.7;29.7;50.2;0.320;16.0;29.1;2005-2006
Philadelphia;3981;48.7;0.356;14.9;28.5;50.0;0.315;16.3;32.4;2005-2006
Orlando;3981;49.6;0.369;16.8;33.0;49.0;0.361;14.9;30.9;2005-2006
Seattle;3966;50.4;0.314;15.7;34.0;52.7;0.342;15.5;34.1;2005-2006
Golden State;3966;47.9;0.323;14.8;29.6;49.2;0.328;16.1;31.4;2005-2006
Houston;3966;47.1;0.317;16.2;29.1;47.2;0.338;14.9;29.5;2005-2006
Boston;3976;50.4;0.349;17.6;28.9;49.0;0.380;15.7;30.6;2005-2006
Minnesota;3971;48.0;0.299;16.0;29.6;47.5;0.320;15.4;32.7;2005-2006
Toronto;3991;50.0;0.315;13.9;28.6;53.0;0.352;15.2;30.3;2005-2006
Atlanta ;3976;48.6;0.340;16.9;33.4;51.3;0.369;16.2;33.3;2005-2006
Charlotte ;3981;46.4;0.319;14.9;30.5;51.4;0.356;18.7;32.2;2005-2006
New York;3986;48.1;0.417;19.0;34.2;51.1;0.390;15.1;30.3;2005-2006
Portland;3946;47.4;0.310;16.5;30.8;50.7;0.305;14.5;34.3;2005-2006
Phoenix;3956;53.4;0.296;14.0;30.4;47.8;0.237;14.1;34.4;2004-2005
Miami;3996;52.4;0.387;14.7;29.7;46.0;0.318;14.2;30.2;2004-2005
San Antonio;3961;49.2;0.329;15.1;32.1;45.2;0.307;16.7;30.3;2004-2005
Dallas;3946;49.2;0.346;14.2;31.9;47.2;0.316;16.5;32.6;2004-2005
Detroit;3991;47.2;0.335;15.4;34.0;46.1;0.276;15.4;30.7;2004-2005
Seattle;3951;49.5;0.328;15.1;35.7;49.6;0.333;14.8;31.9;2004-2005
Houston;3971;48.6;0.309;15.2;30.1;45.9;0.329;14.6;28.7;2004-2005
Sacramento;3971;49.6;0.287;13.7;31.5;49.3;0.290;15.4;33.3;2004-2005
Denver;3951;48.3;0.350;15.7;31.3;48.2;0.331;17.2;32.2;2004-2005
Chicago;3966;47.1;0.311;17.8;31.7;45.4;0.352;16.5;30.9;2004-2005
Boston;3976;50.1;0.357;16.5;30.5;48.1;0.364;16.3;32.9;2004-2005
Memphis;3941;48.9;0.323;16.3;30.8;46.6;0.351;17.7;33.7;2004-2005
Washington;3956;47.4;0.364;15.0;33.8;49.8;0.301;16.7;33.3;2004-2005
Indiana;3981;47.6;0.358;16.0;29.6;47.2;0.350;15.5;31.3;2004-2005
Minnesota;3951;48.9;0.275;14.5;32.1;47.2;0.277;12.9;31.8;2004-2005
Philadelphia;3971;47.5;0.326;16.0;28.1;48.5;0.347;17.4;29.7;2004-2005
Cleveland;3971;47.0;0.325;15.2;35.4;48.5;0.331;16.2;32.6;2004-2005
New Jersey;3981;46.3;0.318;15.5;29.8;47.9;0.374;17.1;29.9;2004-2005
L.A. Clippers;4006;47.7;0.357;17.1;33.8;48.0;0.308;14.8;31.3;2004-2005
Orlando;3941;47.8;0.350;16.8;32.8;48.4;0.338;15.1;31.8;2004-2005
Golden State;3981;47.5;0.278;14.2;30.3;49.1;0.305;16.0;33.4;2004-2005
L.A. Lakers;3956;48.5;0.322;15.5;32.4;49.3;0.279;12.7;32.0;2004-2005
New York;3976;48.5;0.312;15.8;31.6;50.1;0.351;15.7;31.4;2004-2005
Toronto;3961;49.2;0.316;14.0;26.9;49.9;0.323;15.2;31.8;2004-2005
Milwaukee  ;3956;47.5;0.339;14.9;32.2;49.9;0.303;14.0;31.3;2004-2005
Portland;3946;48.4;0.303;17.5;33.1;47.9;0.271;14.7;35.0;2004-2005
Utah;3956;46.9;0.361;17.4;35.1;49.9;0.445;15.9;30.5;2004-2005
Charlotte ;3976;45.5;0.306;15.4;32.7;49.7;0.350;16.7;32.4;2004-2005
New Orleans ;3986;44.6;0.279;16.5;32.9;49.1;0.337;15.8;32.5;2004-2005
Atlanta ;3971;46.4;0.299;17.1;32.6;51.3;0.375;15.7;30.4;2004-2005
Indiana;3961;47.1;0.319;16.2;32.0;45.9;0.291;17.8;29.4;2003-2004
Minnesota;3951;48.6;0.265;14.0;30.3;44.4;0.286;14.9;30.9;2003-2004
San Antonio;3951;47.3;0.322;16.2;31.9;43.3;0.289;16.9;29.0;2003-2004
L.A. Lakers;3971;48.1;0.352;14.6;31.3;47.1;0.296;16.2;29.9;2003-2004
Sacramento;3956;50.7;0.305;14.6;29.2;48.3;0.257;15.8;32.4;2003-2004
Detroit;3956;46.1;0.328;16.8;33.2;44.1;0.271;17.8;31.4;2003-2004
Dallas;3961;49.5;0.256;12.8;33.5;49.8;0.287;15.9;31.4;2003-2004
Memphis;3976;47.9;0.322;16.0;32.5;46.5;0.328;18.2;34.5;2003-2004
New Jersey;3941;47.1;0.291;16.2;28.9;46.0;0.290;17.7;28.9;2003-2004
Houston;3986;48.4;0.286;18.6;30.5;44.7;0.316;14.9;29.2;2003-2004
Denver;3946;46.7;0.319;16.4;33.7;48.1;0.303;18.0;33.6;2003-2004
Miami;3951;46.3;0.298;15.4;30.7;46.3;0.338;16.4;29.3;2003-2004
Utah;3956;45.6;0.356;18.8;37.3;46.8;0.414;17.3;30.9;2003-2004
Milwaukee  ;3956;47.7;0.330;14.4;30.8;48.5;0.288;15.2;31.0;2003-2004
New Orleans ;3966;46.0;0.293;16.4;33.2;47.6;0.291;17.1;31.9;2003-2004
Portland;3996;47.8;0.267;16.6;34.4;48.2;0.246;15.4;33.0;2003-2004
New York;3976;47.4;0.266;17.0;30.7;46.1;0.339;15.0;29.9;2003-2004
Golden State;3971;47.5;0.311;16.1;31.2;47.6;0.283;15.2;30.6;2003-2004
Seattle;3961;50.1;0.270;15.8;30.2;48.7;0.306;16.1;34.5;2003-2004
Boston;3941;48.6;0.327;17.2;27.9;47.9;0.325;18.1;34.2;2003-2004
Cleveland;3971;45.1;0.301;16.0;34.0;46.9;0.294;14.1;31.2;2003-2004
Philadelphia;3971;45.6;0.321;17.7;31.3;46.7;0.311;16.8;31.9;2003-2004
Toronto;3996;45.4;0.260;15.9;27.0;44.9;0.323;16.3;32.7;2003-2004
Phoenix;3946;47.5;0.280;16.2;29.7;48.2;0.314;16.9;33.9;2003-2004
Atlanta ;3981;46.5;0.303;17.6;30.8;47.6;0.307;15.0;31.4;2003-2004
L.A. Clippers;3961;45.3;0.350;17.6;36.2;49.4;0.312;14.7;32.3;2003-2004
Washington;3966;45.4;0.337;18.6;33.3;48.6;0.278;17.0;33.3;2003-2004
Chicago;3966;44.6;0.272;17.2;31.1;46.9;0.339;16.2;32.1;2003-2004
Orlando;3966;46.1;0.296;14.8;31.5;50.2;0.289;14.6;34.3;2003-2004
Dallas;3956;49.8;0.257;12.3;27.7;47.3;0.304;17.0;32.3;2002-2003
San Antonio;3966;49.7;0.348;17.1;31.1;45.3;0.259;16.3;31.3;2002-2003
Sacramento;3966;49.9;0.262;14.9;28.9;44.6;0.275;15.8;32.2;2002-2003
Minnesota;3961;48.8;0.268;14.6;31.0;47.2;0.270;14.5;30.5;2002-2003
Detroit;3981;47.3;0.322;15.1;29.4;46.1;0.302;15.7;29.3;2002-2003
L.A. Lakers;3986;48.6;0.311;15.3;32.8;47.7;0.317;15.3;30.7;2002-2003
Portland;3970;48.9;0.300;16.7;33.8;48.3;0.254;17.0;31.1;2002-2003
New Jersey;3951;46.8;0.333;15.8;31.7;46.0;0.300;17.8;29.8;2002-2003
Indiana;3981;46.9;0.344;15.7;31.8;45.8;0.298;16.4;30.6;2002-2003
Philadelphia;3971;46.6;0.339;15.8;32.4;48.8;0.320;18.2;29.6;2002-2003
New Orleans ;3981;46.5;0.285;16.1;34.5;46.4;0.295;15.9;30.3;2002-2003
Utah;3956;48.6;0.380;18.4;35.3;46.8;0.338;17.4;32.7;2002-2003
Boston;3966;47.0;0.306;15.1;26.6;47.1;0.323;17.3;30.9;2002-2003
Phoenix;3961;47.3;0.285;15.8;32.3;47.0;0.290;17.1;32.8;2002-2003
Houston;3986;47.4;0.316;17.0;33.1;46.2;0.270;14.4;30.2;2002-2003
Milwaukee  ;3981;50.0;0.287;13.7;28.7;49.4;0.318;15.5;33.4;2002-2003
Orlando;3961;47.8;0.307;15.1;30.0;48.6;0.326;17.2;32.0;2002-2003
Seattle;3971;47.2;0.270;14.7;31.4;48.4;0.283;16.4;31.2;2002-2003
Golden State;3951;47.2;0.343;16.4;37.1;48.2;0.290;14.2;33.7;2002-2003
New York;3971;48.6;0.241;15.1;28.0;48.5;0.339;15.5;31.1;2002-2003
Washington;3966;46.0;0.325;14.8;30.5;47.7;0.275;15.8;31.4;2002-2003
Atlanta ;3981;47.6;0.313;17.8;30.0;46.9;0.291;13.9;31.9;2002-2003
Chicago;3985;47.1;0.300;17.7;30.7;47.0;0.351;15.3;32.8;2002-2003
Memphis;3986;48.7;0.287;16.2;30.1;49.1;0.260;15.5;34.1;2002-2003
L.A. Clippers;3951;46.7;0.335;17.0;31.6;48.1;0.287;15.1;32.7;2002-2003
Miami;3966;43.9;0.259;15.9;30.6;47.0;0.343;16.0;29.1;2002-2003
Toronto;3961;45.8;0.282;15.7;31.8;48.9;0.298;15.0;32.2;2002-2003
Cleveland;3966;44.4;0.298;19.1;33.8;48.4;0.327;14.7;30.3;2002-2003
Denver;3946;42.8;0.283;20.0;34.5;47.7;0.384;18.5;30.3;2002-2003
Sacramento;3951;49.7;0.308;14.2;30.6;46.7;0.248;15.6;31.0;2001-2002
L.A. Lakers;3956;49.8;0.313;13.5;31.1;45.3;0.306;14.9;31.4;2001-2002
San Antonio;3971;49.2;0.353;15.7;30.1;45.3;0.244;15.8;31.5;2001-2002
Dallas;3976;50.7;0.288;12.7;28.5;48.5;0.319;14.8;31.7;2001-2002
New Jersey;3966;47.6;0.280;15.4;32.2;45.9;0.283;17.1;31.7;2001-2002
Detroit;3936;49.7;0.310;15.9;27.7;47.4;0.273;17.0;32.4;2001-2002
Minnesota;3961;49.0;0.255;14.5;34.3;48.2;0.294;14.5;29.7;2001-2002
Boston;3966;47.6;0.291;14.4;27.2;46.4;0.318;17.3;30.5;2001-2002
Portland;3966;48.5;0.285;15.7;34.5;48.9;0.272;16.1;29.7;2001-2002
Seattle;3966;50.5;0.250;15.1;32.0;48.5;0.279;16.8;34.4;2001-2002
Charlotte;3951;46.6;0.320;15.4;33.3;46.5;0.294;15.2;31.1;2001-2002
Orlando;3966;49.3;0.278;14.3;29.2;48.6;0.292;16.6;33.5;2001-2002
Utah;3966;47.2;0.381;17.8;36.2;48.4;0.371;18.1;31.7;2001-2002
Philadelphia;3946;45.2;0.327;16.9;34.1;46.0;0.277;16.3;29.8;2001-2002
Indiana;3981;47.7;0.328;16.2;30.2;46.9;0.303;15.2;31.4;2001-2002
Toronto;3951;46.3;0.255;15.8;34.3;47.1;0.315;16.9;32.9;2001-2002
Milwaukee  ;3981;50.7;0.269;15.2;28.7;47.7;0.287;13.9;32.1;2001-2002
L.A. Clippers;3961;47.6;0.304;16.1;34.9;47.7;0.260;14.0;32.7;2001-2002
Washington;3946;46.4;0.280;14.4;32.8;48.4;0.283;14.8;31.5;2001-2002
Miami;3986;46.3;0.268;16.6;29.7;45.5;0.339;15.4;29.0;2001-2002
Phoenix;3966;47.2;0.235;15.7;32.7;47.6;0.302;16.5;32.8;2001-2002
Atlanta ;3956;47.1;0.294;16.6;29.7;49.5;0.293;16.1;31.1;2001-2002
New York;3961;46.8;0.274;15.9;29.2;47.9;0.312;14.7;31.6;2001-2002
Cleveland;3971;47.7;0.301;15.8;31.9;49.3;0.302;14.1;31.0;2001-2002
Houston;3996;46.5;0.286;15.5;32.7;49.1;0.236;13.3;32.5;2001-2002
Denver;3961;45.5;0.256;16.0;34.1;49.2;0.328;15.6;33.2;2001-2002
Memphis;3956;46.2;0.288;17.6;30.5;48.6;0.262;15.8;33.7;2001-2002
Chicago;3961;45.6;0.302;16.6;29.8;49.7;0.321;15.6;31.5;2001-2002
Golden State;3956;45.2;0.335;17.5;37.3;48.8;0.304;14.9;33.1;2001-2002
San Antonio;3966;49.6;0.374;15.2;29.7;44.4;0.246;14.8;29.7;2000-2001
L.A. Lakers;3981;49.8;0.349;15.4;33.8;46.8;0.310;13.9;30.9;2000-2001
Philadelphia;3971;46.8;0.351;17.0;33.4;46.0;0.248;16.6;29.6;2000-2001
Sacramento;4016;48.4;0.298;15.2;30.7;46.0;0.241;16.7;32.1;2000-2001
Dallas;3961;49.8;0.291;14.6;27.2;46.7;0.333;16.3;32.2;2000-2001
Utah;3956;49.7;0.363;17.3;33.2;47.3;0.394;17.6;29.9;2000-2001
Milwaukee  ;3956;49.9;0.276;14.5;30.1;47.3;0.330;16.4;31.7;2000-2001
Phoenix;3961;46.0;0.292;16.1;30.5;46.0;0.331;18.4;29.8;2000-2001
Miami;3976;46.9;0.299;15.3;28.0;46.0;0.290;17.4;30.0;2000-2001
Portland;3956;49.7;0.296;16.8;33.3;47.0;0.300;16.3;30.0;2000-2001
New York;3981;47.6;0.279;16.3;27.6;45.3;0.327;16.7;29.3;2000-2001
Minnesota;3966;48.2;0.253;14.8;31.5;47.8;0.328;16.2;31.8;2000-2001
Toronto;3991;46.8;0.285;14.1;33.9;47.6;0.281;15.1;30.0;2000-2001
Charlotte;3976;45.7;0.330;15.6;31.5;45.6;0.294;15.9;29.0;2000-2001
Houston;3966;49.2;0.321;15.9;30.5;47.5;0.277;14.4;30.9;2000-2001
Seattle;3961;49.1;0.299;16.4;32.1;48.8;0.269;16.0;33.2;2000-2001
Orlando;3991;47.4;0.301;15.9;32.1;46.4;0.395;18.0;33.8;2000-2001
Indiana;3996;47.1;0.312;16.4;29.7;45.2;0.310;14.7;31.5;2000-2001
Denver;3956;47.0;0.286;14.7;30.6;47.6;0.296;13.9;31.0;2000-2001
Boston;3966;47.3;0.338;16.6;28.0;49.3;0.341;18.1;31.0;2000-2001
Detroit;3971;45.3;0.325;16.4;32.5;46.6;0.317;16.0;30.9;2000-2001
L.A. Clippers;4006;47.6;0.319;17.1;32.2;46.6;0.292;13.8;31.8;2000-2001
Cleveland;3966;45.9;0.312;17.7;33.1;47.7;0.323;16.1;32.2;2000-2001
New Jersey;3946;45.2;0.328;15.7;29.2;48.8;0.346;17.0;32.7;2000-2001
Atlanta ;3946;45.6;0.272;17.8;31.3;47.2;0.326;15.7;30.9;2000-2001
Vancouver;3956;46.4;0.289;16.8;29.3;49.1;0.265;15.9;32.5;2000-2001
Washington;3936;46.0;0.348;18.1;32.8;50.3;0.317;15.9;31.6;2000-2001
Golden State;3956;42.9;0.282;16.5;35.7;50.4;0.298;17.1;32.0;2000-2001
Chicago;3971;45.0;0.298;17.3;30.2;49.9;0.348;16.3;32.7;2000-2001
L.A. Lakers;3961;48.4;0.347;14.6;32.4;44.3;0.300;15.2;29.5;1999-2000
Portland;3956;50.1;0.316;16.6;33.5;46.1;0.303;15.8;30.7;1999-2000
Indiana;3946;50.3;0.302;14.9;27.6;46.9;0.261;14.4;30.9;1999-2000
Utah;3951;49.0;0.337;16.3;32.9;47.7;0.343;17.0;30.2;1999-2000
Phoenix;3961;49.1;0.286;17.3;31.6;45.4;0.331;18.0;32.4;1999-2000
San Antonio;3971;48.8;0.346;16.2;30.1;45.1;0.255;15.5;29.7;1999-2000
Miami;3966;49.5;0.283;16.3;30.4;45.3;0.307;15.3;30.4;1999-2000
Minnesota;3981;48.5;0.256;14.7;31.8;47.4;0.332;15.9;30.4;1999-2000
New York;3966;48.2;0.283;16.0;27.7;45.5;0.337;15.5;30.1;1999-2000
Charlotte;3956;47.5;0.376;15.3;28.3;47.8;0.265;16.5;28.8;1999-2000
Philadelphia;3966;45.7;0.329;16.5;33.5;46.6;0.303;18.5;32.0;1999-2000
Seattle;3956;48.7;0.282;14.8;31.2;48.3;0.259;16.1;32.7;1999-2000
Toronto;3951;46.4;0.300;14.7;32.4;48.0;0.323;16.1;31.4;1999-2000
Sacramento;3961;48.6;0.277;16.0;30.8;47.9;0.264;17.3;32.1;1999-2000
Detroit;3966;49.2;0.378;16.0;29.5;49.9;0.334;17.4;30.6;1999-2000
Milwaukee  ;3971;49.4;0.290;15.8;32.7;49.6;0.337;16.7;33.3;1999-2000
Orlando;3951;47.3;0.305;17.8;34.4;47.6;0.304;18.3;33.1;1999-2000
Dallas;3946;49.0;0.248;14.2;28.1;48.8;0.284;16.6;35.3;1999-2000
Boston;3946;47.4;0.316;15.9;32.7;49.8;0.407;17.7;29.5;1999-2000
Denver;3971;47.6;0.306;16.1;32.1;47.9;0.313;14.9;31.2;1999-2000
Houston;3966;49.4;0.322;18.1;32.1;48.1;0.259;14.3;30.9;1999-2000
Cleveland;3971;46.8;0.327;17.7;30.8;47.4;0.354;17.2;31.5;1999-2000
New Jersey;3966;46.8;0.297;14.3;29.8;49.1;0.298;17.5;34.3;1999-2000
Washington;3961;47.6;0.315;17.0;32.9;48.9;0.367;15.7;31.4;1999-2000
Atlanta ;3966;46.0;0.292;16.4;33.4;48.1;0.254;13.0;30.2;1999-2000
Vancouver;3971;47.4;0.320;18.1;32.6;50.2;0.301;16.1;32.1;1999-2000
Golden State;3951;44.4;0.301;16.3;34.6;49.9;0.344;16.7;32.7;1999-2000
Chicago;3961;44.3;0.338;20.8;33.1;48.4;0.324;16.6;32.4;1999-2000
L.A. Clippers;3940;45.8;0.270;16.9;28.6;50.7;0.297;14.9;32.6;1999-2000
San Antonio;2415;47.9;0.371;16.8;32.9;42.3;0.283;16.1;32.6;1998-1999
Utah;2435;48.5;0.417;18.2;32.9;44.1;0.336;16.6;32.3;1998-1999
Portland;2435;47.3;0.341;16.7;34.5;44.5;0.321;17.1;31.3;1998-1999
Indiana;2420;48.6;0.318;14.6;31.0;46.0;0.312;14.7;32.9;1998-1999
Miami;2405;49.4;0.354;17.2;29.9;43.9;0.307;15.6;31.7;1998-1999
Orlando;2410;45.6;0.318;18.1;36.0;47.3;0.256;19.1;31.5;1998-1999
Atlanta ;2415;43.6;0.378;17.0;35.3;43.7;0.278;15.4;29.9;1998-1999
Houston;2415;50.6;0.313;17.8;31.2;46.1;0.257;14.3;32.2;1998-1999
L.A. Lakers;2410;49.8;0.382;16.2;32.3;46.8;0.376;15.3;32.9;1998-1999
Detroit;2410;48.0;0.345;17.9;33.1;46.8;0.362;17.4;30.3;1998-1999
Milwaukee  ;2410;48.9;0.303;16.1;31.2;46.3;0.365;18.7;35.2;1998-1999
Philadelphia;2430;43.9;0.383;17.9;35.6;45.4;0.340;19.5;32.1;1998-1999
New York;2420;46.3;0.329;18.1;30.3;43.4;0.352;17.2;32.9;1998-1999
Phoenix;2410;48.1;0.303;14.8;30.6;48.5;0.311;17.7;32.9;1998-1999
Sacramento;2440;47.9;0.300;17.0;32.8;47.1;0.247;16.0;34.6;1998-1999
Charlotte;2430;48.5;0.372;17.2;26.6;46.1;0.326;16.5;32.2;1998-1999
Minnesota;2405;43.9;0.264;13.8;34.8;46.7;0.385;18.0;32.7;1998-1999
Seattle;2420;48.1;0.341;16.7;34.4;48.9;0.295;16.2;32.7;1998-1999
Toronto;2415;45.0;0.338;17.5;35.9;47.3;0.355;17.0;32.5;1998-1999
Cleveland;2410;46.4;0.381;17.8;29.5;46.8;0.359;18.6;34.4;1998-1999
Golden State;2425;43.4;0.282;16.7;36.7;44.5;0.398;16.0;31.0;1998-1999
Boston;2430;46.9;0.259;17.1;33.0;46.5;0.387;17.9;33.4;1998-1999
Dallas;2415;45.9;0.300;15.1;32.1;47.6;0.296;15.3;32.7;1998-1999
Washington;2410;46.8;0.302;16.1;30.8;47.4;0.371;17.3;32.7;1998-1999
New Jersey;2410;43.4;0.301;15.9;32.8;48.1;0.327;17.3;31.8;1998-1999
Denver;2405;45.9;0.332;16.0;31.9;49.9;0.333;15.2;34.0;1998-1999
Chicago;2414;42.4;0.309;17.3;29.9;48.3;0.329;17.4;31.6;1998-1999
L.A. Clippers;2425;45.4;0.306;17.3;33.2;50.3;0.375;17.0;35.4;1998-1999
Vancouver;2435;44.7;0.367;18.5;34.2;49.2;0.357;17.0;35.5;1998-1999
Chicago;3971;47.3;0.295;15.8;38.1;45.7;0.302;17.0;32.4;1997-1998
Utah;3956;51.0;0.433;16.9;35.2;47.1;0.357;15.5;31.6;1997-1998
L.A. Lakers;3966;51.9;0.420;16.0;33.9;46.7;0.335;16.3;34.4;1997-1998
Seattle;3951;52.1;0.327;15.3;32.1;47.8;0.308;18.6;36.5;1997-1998
Indiana;3966;50.2;0.343;15.8;30.5;45.3;0.325;16.7;34.3;1997-1998
Phoenix;3991;50.0;0.290;16.1;32.1;47.1;0.310;17.7;33.6;1997-1998
San Antonio;3966;49.3;0.350;17.8;32.6;43.7;0.294;14.1;30.4;1997-1998
Miami;3951;49.4;0.329;16.6;33.9;45.2;0.345;16.5;33.1;1997-1998
Charlotte;3956;49.5;0.345;16.6;32.6;49.3;0.306;16.5;30.9;1997-1998
Atlanta ;3976;48.1;0.364;16.5;35.6;46.8;0.265;15.1;33.1;1997-1998
Cleveland;3966;47.8;0.352;18.8;33.0;46.0;0.350;19.1;32.2;1997-1998
Portland;3966;47.6;0.348;18.3;35.5;46.0;0.346;15.3;31.5;1997-1998
Minnesota;3986;48.3;0.329;14.6;33.3;48.0;0.324;15.7;34.3;1997-1998
New Jersey;3976;46.3;0.339;15.3;38.3;49.9;0.345;19.2;35.0;1997-1998
New York;3966;47.6;0.283;16.9;31.9;45.5;0.376;16.7;29.7;1997-1998
Washington;3961;47.6;0.317;15.1;33.9;48.1;0.332;17.3;32.7;1997-1998
Houston;3966;49.6;0.326;17.0;32.4;49.9;0.279;15.3;32.8;1997-1998
Orlando;3966;45.2;0.331;17.2;37.0;47.8;0.274;17.2;35.4;1997-1998
Detroit;3991;47.2;0.359;16.0;33.2;47.4;0.326;16.9;33.2;1997-1998
Boston;3946;46.4;0.283;17.1;35.2;50.4;0.461;21.7;35.8;1997-1998
Milwaukee  ;3986;47.5;0.339;18.1;34.0;48.5;0.379;17.7;33.6;1997-1998
Philadelphia;3951;46.2;0.367;17.9;34.1;48.1;0.351;17.4;34.0;1997-1998
Sacramento;3946;46.4;0.314;16.5;32.8;48.2;0.310;16.3;35.7;1997-1998
Dallas;3981;45.8;0.257;15.6;30.6;48.8;0.274;16.3;36.8;1997-1998
Golden State;3966;42.7;0.278;17.8;35.6;46.9;0.339;15.0;33.6;1997-1998
Vancouver;3966;48.2;0.327;18.2;34.0;50.7;0.328;15.0;34.8;1997-1998
L.A. Clippers;3956;47.7;0.306;17.1;33.0;49.8;0.332;15.0;36.2;1997-1998
Toronto;3986;46.2;0.302;17.5;33.9;50.8;0.335;17.5;39.8;1997-1998
Denver;3946;44.0;0.335;17.5;33.7;50.6;0.378;16.6;36.1;1997-1998
Chicago;3946;51.1;0.267;14.7;37.4;47.1;0.266;17.2;33.0;1996-1997
Utah;3966;53.1;0.389;16.7;32.8;48.0;0.387;17.7;31.3;1996-1997
Miami;3961;50.7;0.324;17.7;32.4;46.5;0.339;17.9;32.2;1996-1997
Houston;3971;52.0;0.307;17.8;31.8;48.1;0.261;15.3;30.8;1996-1997
New York;3971;50.1;0.340;19.2;32.3;46.3;0.381;17.5;30.0;1996-1997
Seattle;3956;51.0;0.358;16.3;34.1;49.0;0.326;20.3;34.3;1996-1997
Atlanta ;3961;49.8;0.310;16.8;33.4;47.2;0.260;17.3;33.0;1996-1997
L.A. Lakers;3986;49.6;0.351;15.9;34.3;47.8;0.321;17.5;34.2;1996-1997
Charlotte;3961;51.8;0.313;16.2;31.6;49.6;0.279;15.4;33.9;1996-1997
Detroit;3966;51.2;0.327;14.6;30.2;48.7;0.268;16.8;32.5;1996-1997
Portland;3971;50.3;0.350;17.8;35.8;47.1;0.362;16.3;30.9;1996-1997
Orlando;3971;48.1;0.304;16.8;33.6;49.5;0.288;17.7;34.9;1996-1997
Washington;3971;50.5;0.296;16.7;32.6;49.1;0.302;17.6;32.4;1996-1997
Cleveland;3971;49.3;0.297;17.0;32.2;48.2;0.379;19.1;31.9;1996-1997
Minnesota;3956;48.5;0.339;16.4;32.3;48.6;0.334;16.9;35.1;1996-1997
Phoenix;3971;50.8;0.317;15.1;29.7;50.7;0.291;16.6;33.7;1996-1997
Indiana;3986;49.0;0.374;17.8;33.8;48.0;0.343;17.1;33.2;1996-1997
L.A. Clippers;3986;48.2;0.310;17.0;33.9;49.9;0.359;17.8;34.6;1996-1997
Sacramento;3962;48.5;0.313;17.4;34.8;49.6;0.358;16.4;33.9;1996-1997
Milwaukee  ;3946;49.6;0.334;17.2;32.9;50.1;0.346;16.1;33.1;1996-1997
Golden State;3981;49.3;0.332;18.2;34.7;51.8;0.312;16.6;35.2;1996-1997
Toronto;3966;48.1;0.303;17.7;35.0;50.4;0.356;17.6;34.3;1996-1997
New Jersey;3956;45.6;0.286;16.6;37.6;50.3;0.327;16.1;33.1;1996-1997
Dallas;3961;46.9;0.297;17.7;33.2;50.0;0.305;17.1;35.0;1996-1997
Philadelphia;3956;47.0;0.358;17.9;35.9;51.0;0.303;16.0;34.6;1996-1997
Denver;3986;48.6;0.298;17.5;32.4;50.1;0.275;13.6;33.4;1996-1997
San Antonio;3946;47.2;0.302;17.1;34.4;51.4;0.320;16.2;35.7;1996-1997
Boston;3981;47.4;0.316;16.7;32.9;53.9;0.337;18.0;34.2;1996-1997
Vancouver;3956;47.1;0.269;17.6;32.5;51.0;0.308;16.9;38.2;1996-1997
