Team;PTS/ OPP;FGM/ OPP;FGA/ OPP;FG%/ OPP;3PM/ OPP;3PA/ OPP;3P%/ OPP;FTM/ OPP;FTA/ OPP;FT%/ OPP;OR/ OPP;DR/ OPP;REB/ OPP;AST/ OPP;STL/ OPP;BLK/ OPP;TO/ OPP;PF/ OPP;Season
Cleveland ;106.9;39.0;83.5;46.8;11.3;30.6;36.8;17.5;22.4;78.2;9.8;31.5;41.2;23.0;7.0;4.4;14.7;20.4;2022-2023
Miami;109.8;40.1;83.2;48.2;13.1;35.8;36.7;16.5;21.1;78.1;8.9;33.0;41.8;25.6;7.0;3.8;15.0;20.0;2022-2023
Philadelphia;110.9;40.4;85.4;47.3;11.6;33.4;34.8;18.5;23.7;78.1;9.5;31.6;41.2;24.2;6.6;4.6;13.5;19.6;2022-2023
Toronto ;111.4;40.4;82.3;49.1;12.2;32.6;37.4;18.4;23.1;79.7;9.2;33.0;42.3;26.2;6.0;4.6;15.9;19.6;2022-2023
Boston;111.4;41.8;90.2;46.3;11.6;33.7;34.5;16.2;21.1;76.9;9.7;34.3;44.0;23.1;6.6;3.9;12.0;19.1;2022-2023
Phoenix;111.6;40.0;85.9;46.6;11.4;32.0;35.7;20.1;25.6;78.6;10.2;32.6;42.9;23.4;7.2;4.0;13.6;19.9;2022-2023
Chicago;111.8;40.7;87.1;46.8;13.2;37.1;35.7;17.1;22.0;77.9;9.6;33.7;43.3;26.0;6.7;4.7;14.2;18.7;2022-2023
Denver;112.5;41.7;87.4;47.8;11.4;33.1;34.4;17.6;22.7;77.5;10.1;30.7;40.8;25.7;7.9;4.2;12.9;19.5;2022-2023
New Orleans ;112.5;40.9;86.6;47.2;12.2;36.0;33.9;18.4;23.6;77.9;9.7;32.1;41.8;24.9;7.3;4.7;14.3;20.4;2022-2023
Brooklyn;112.5;41.0;88.5;46.3;11.8;32.2;36.7;18.7;24.4;76.7;11.5;33.6;45.1;23.4;7.0;3.9;13.0;18.5;2022-2023
Memphis ;113.0;40.7;89.8;45.3;13.0;36.6;35.5;18.5;23.5;78.7;11.0;33.4;44.4;26.4;6.8;5.2;14.4;20.0;2022-2023
L.A. Clippers;113.1;41.8;88.3;47.4;12.2;33.4;36.5;17.2;22.3;77.1;10.2;32.9;43.1;25.0;7.8;4.2;12.4;19.6;2022-2023
New York;113.1;40.8;88.2;46.2;13.0;36.5;35.7;18.5;23.7;78.2;10.1;31.9;42.0;25.1;6.0;4.5;12.0;20.7;2022-2023
Milwaukee;113.3;42.5;93.2;45.6;12.1;34.1;35.4;16.3;21.0;77.6;10.7;33.5;44.2;23.9;7.0;3.9;11.5;19.0;2022-2023
Orlando ;114.0;41.3;86.9;47.6;13.0;37.0;35.1;18.3;23.0;79.6;9.5;32.5;42.0;25.9;7.7;5.1;14.1;20.5;2022-2023
Dallas;114.1;41.8;86.2;48.5;11.1;31.7;35.2;19.5;25.0;78.1;10.1;34.6;44.7;24.9;6.4;3.8;12.4;21.8;2022-2023
Washington;114.4;42.5;89.8;47.3;12.0;32.8;36.6;17.5;21.9;79.8;10.8;32.3;43.0;24.8;7.1;5.0;11.8;19.4;2022-2023
Minnesota ;115.8;41.8;88.7;47.1;12.3;33.3;36.9;19.9;26.0;76.6;11.3;33.3;44.7;25.0;8.2;4.1;14.7;20.2;2022-2023
Oklahoma City;116.4;41.9;88.4;47.4;12.9;36.0;35.8;19.6;25.5;77.1;12.0;34.7;46.6;25.9;7.0;5.5;16.2;20.4;2022-2023
L.A. Lakers;116.6;44.0;93.9;46.9;12.5;36.5;34.4;16.1;20.8;77.3;11.1;33.8;44.9;25.7;7.6;5.1;12.1;21.5;2022-2023
Golden State;117.1;42.4;90.5;46.8;12.9;35.5;36.4;19.4;25.2;76.9;10.7;32.6;43.3;25.7;7.9;4.0;13.5;18.4;2022-2023
Charlotte;117.2;43.0;90.1;47.7;12.2;34.3;35.7;19.0;24.0;79.5;10.9;35.3;46.2;25.9;7.0;5.7;13.8;20.3;2022-2023
Portland ;117.4;43.0;87.5;49.1;12.5;33.1;37.9;19.0;24.1;78.7;10.5;32.8;43.2;27.0;7.8;4.3;12.9;20.5;2022-2023
Utah ;118.0;43.4;91.6;47.3;12.5;34.5;36.1;18.8;24.3;77.6;11.2;32.2;43.5;25.0;7.8;4.9;12.0;20.5;2022-2023
Sacramento;118.1;43.8;88.9;49.2;12.5;33.4;37.3;18.1;23.0;78.7;9.7;32.5;42.2;26.7;7.3;4.2;13.6;20.9;2022-2023
Atlanta;118.1;43.8;90.2;48.6;11.9;33.5;35.6;18.6;23.2;80.3;10.6;33.5;44.1;26.0;7.5;5.0;13.5;19.7;2022-2023
Detroit;118.5;43.1;88.1;48.9;12.0;33.3;36.0;20.4;26.2;77.7;11.0;33.7;44.7;25.8;7.7;5.5;12.9;21.0;2022-2023
Houston;118.6;42.4;88.1;48.2;14.5;38.8;37.4;19.2;24.2;79.4;10.5;31.0;41.5;26.1;8.8;6.2;12.6;20.6;2022-2023
Indiana ;119.5;43.3;89.3;48.5;12.4;33.3;37.3;20.5;25.6;80.0;12.1;33.2;45.3;26.4;7.9;5.3;14.2;20.2;2022-2023
San Antonio ;123.1;46.1;91.0;50.7;12.6;32.3;39.1;18.2;23.7;77.0;10.7;34.3;45.0;26.8;8.1;5.3;13.2;18.5;2022-2023
Boston;104.5;38.3;88.1;43.4;11.8;34.9;33.9;16.1;20.6;78.3;10.5;33.3;43.7;21.6;7.5;4.6;13.0;19.4;2021-2022
Dallas;104.7;39.0;85.4;45.7;10.9;32.1;34.0;15.8;20.6;76.7;9.5;34.1;43.6;23.5;7.0;3.7;12.5;20.1;2021-2022
Golden State;105.5;37.9;86.6;43.8;12.2;36.0;33.9;17.4;22.9;75.9;9.7;33.0;42.6;22.9;7.9;3.9;13.7;18.0;2021-2022
Miami;105.6;37.5;84.0;44.7;13.0;38.3;33.9;17.5;22.5;77.9;9.5;32.1;41.7;23.3;7.4;4.0;14.1;20.6;2021-2022
Cleveland ;105.7;39.5;87.2;45.2;11.7;33.2;35.3;15.0;19.4;77.4;10.5;32.4;42.9;24.1;8.4;4.6;12.8;20.0;2021-2022
New York;106.6;38.5;86.0;44.7;12.7;37.0;34.2;17.0;22.3;76.4;9.3;34.3;43.6;24.2;7.0;4.6;11.9;20.4;2021-2022
Toronto ;107.1;39.0;84.4;46.2;12.4;34.9;35.4;16.8;21.2;78.9;10.3;33.7;44.0;25.3;6.7;5.1;15.1;19.1;2021-2022
Philadelphia;107.3;39.7;86.5;45.8;11.4;32.8;34.6;16.6;21.6;76.9;10.2;34.0;44.2;23.6;6.6;4.6;12.5;19.4;2021-2022
Phoenix;107.3;39.2;88.3;44.4;11.6;34.2;34.0;17.3;22.7;76.1;10.5;33.9;44.5;22.9;7.5;4.0;14.0;18.9;2021-2022
Utah ;107.6;40.4;89.2;45.3;12.1;34.6;35.0;14.6;19.3;75.8;9.9;31.7;41.6;23.4;7.8;4.3;11.3;20.3;2021-2022
L.A. Clippers;108.4;40.8;90.6;45.0;11.7;33.9;34.5;15.2;19.6;77.5;12.0;35.1;47.1;24.1;7.7;4.1;13.0;18.5;2021-2022
Memphis ;109.9;40.3;88.6;45.5;12.0;34.5;34.9;17.3;22.4;77.1;10.0;33.0;43.0;25.0;7.2;6.0;14.4;19.8;2021-2022
New Orleans ;110.3;40.3;85.5;47.1;13.0;35.5;36.5;16.8;21.4;78.6;9.3;32.5;41.8;24.9;7.4;4.8;13.7;20.5;2021-2022
Denver;110.4;41.1;87.4;47.0;11.8;34.2;34.6;16.5;21.7;75.7;9.7;32.7;42.4;25.4;7.9;4.8;12.2;19.9;2021-2022
Oklahoma City;111.8;41.4;90.5;45.8;13.6;38.7;35.3;15.3;19.9;77.1;11.0;37.3;48.4;26.1;8.5;6.0;12.7;17.8;2021-2022
Washington;112.0;41.3;88.9;46.4;11.5;31.8;36.1;18.0;22.3;80.7;10.2;34.0;44.2;23.7;7.3;4.2;11.3;19.9;2021-2022
Chicago;112.0;41.4;87.4;47.4;11.7;32.0;36.6;17.4;21.9;79.5;9.3;33.9;43.2;25.0;7.1;5.0;12.4;18.2;2021-2022
Brooklyn;112.1;40.7;90.2;45.2;12.5;36.3;34.5;18.1;23.0;78.8;11.3;32.8;44.1;23.8;7.9;4.9;12.4;19.7;2021-2022
Milwaukee;112.1;41.4;90.6;45.6;14.5;40.6;35.6;15.0;19.9;75.1;9.9;34.2;44.1;25.9;7.4;4.4;12.4;19.7;2021-2022
Orlando ;112.2;40.8;89.0;45.8;13.2;36.3;36.3;17.4;22.6;77.2;10.4;36.8;47.1;24.8;8.0;5.2;12.5;18.3;2021-2022
Atlanta;112.4;41.9;89.0;47.1;12.8;35.2;36.4;15.8;19.9;79.2;10.2;33.6;43.9;25.4;7.0;4.5;12.0;20.3;2021-2022
Detroit;112.5;40.6;86.0;47.3;11.8;32.5;36.2;19.5;25.1;77.7;10.3;35.9;46.3;25.1;7.4;5.2;13.8;19.8;2021-2022
San Antonio ;113.0;42.5;91.2;46.6;12.1;33.6;36.0;16.0;20.9;76.7;11.4;35.4;46.8;24.0;7.3;4.9;13.0;18.9;2021-2022
Minnesota ;113.3;40.2;87.4;46.0;13.1;37.3;35.0;19.8;25.4;78.0;11.0;34.9;45.9;26.2;7.2;4.8;15.5;20.9;2021-2022
Charlotte;114.9;42.0;90.1;46.6;14.0;38.7;36.2;16.9;22.1;76.3;11.4;35.6;47.0;26.5;7.5;4.6;14.4;19.6;2021-2022
Indiana ;114.9;42.5;88.0;48.3;12.0;32.3;37.2;17.9;22.5;79.7;10.2;33.0;43.1;25.1;8.1;4.9;12.5;19.2;2021-2022
Portland ;115.1;41.1;85.9;47.9;13.8;37.1;37.1;19.1;24.6;77.7;9.8;35.0;44.7;26.6;8.2;5.0;13.3;19.4;2021-2022
L.A. Lakers;115.1;42.6;90.5;47.0;12.6;35.8;35.2;17.4;23.3;74.7;11.0;35.6;46.6;26.3;8.3;4.1;13.3;20.1;2021-2022
Sacramento;115.8;43.4;90.6;47.9;13.0;34.9;37.2;15.9;20.5;77.6;10.6;35.3;45.8;25.3;8.1;4.8;12.6;20.3;2021-2022
Houston;118.2;43.4;89.9;48.3;12.8;36.2;35.3;18.5;23.7;78.2;11.2;34.5;45.7;25.6;9.5;5.8;13.3;22.1;2021-2022
New York;104.7;37.9;86.2;44.0;12.0;35.6;33.7;16.9;22.2;76.1;9.7;34.4;44.1;23.6;6.6;5.4;12.2;17.9;2020-2021
L.A. Lakers;106.8;39.8;86.4;46.0;11.4;32.2;35.2;15.9;20.5;77.6;8.8;33.2;42.0;24.7;8.2;4.5;14.5;21.3;2020-2021
Utah ;107.2;40.9;91.4;44.7;10.9;31.8;34.1;14.5;18.9;76.8;9.8;32.8;42.6;22.3;7.7;3.9;11.0;19.0;2020-2021
L.A. Clippers;107.8;40.1;86.4;46.4;11.6;32.5;35.6;16.1;20.7;77.7;9.2;32.0;41.2;22.9;7.1;4.2;12.4;18.1;2020-2021
Miami;108.0;39.1;85.2;45.9;14.3;39.1;36.5;15.6;19.9;78.2;9.5;33.4;42.9;25.8;7.5;4.0;14.3;19.6;2020-2021
Philadelphia;108.1;39.4;86.9;45.3;11.9;33.0;36.0;17.4;22.8;76.4;9.8;33.2;42.9;23.5;7.2;4.7;14.9;21.0;2020-2021
Phoenix;109.5;40.5;86.8;46.7;11.6;32.8;35.4;16.8;21.7;77.8;9.4;33.3;42.7;22.9;6.9;3.6;13.0;18.0;2020-2021
Denver;110.1;40.0;85.4;46.9;13.0;35.7;36.3;17.1;22.1;77.3;9.1;32.1;41.2;25.9;7.5;4.5;13.5;19.2;2020-2021
Dallas;110.2;40.1;87.1;46.0;12.8;35.2;36.5;17.2;22.5;76.4;9.8;34.2;43.9;22.7;7.3;3.7;12.0;20.1;2020-2021
Detroit;111.1;41.4;86.9;47.6;11.3;31.4;36.2;17.0;22.3;76.0;10.0;34.4;44.3;24.8;8.0;5.8;13.3;20.4;2020-2021
Boston;111.2;39.9;86.0;46.4;12.8;34.3;37.4;18.5;23.5;78.5;9.4;33.1;42.5;24.1;7.4;4.6;13.5;19.3;2020-2021
Atlanta;111.4;41.3;89.1;46.3;11.9;34.2;34.9;16.9;21.1;80.3;10.0;32.7;42.7;24.4;7.7;5.0;11.9;19.8;2020-2021
Charlotte;111.4;41.3;88.1;46.8;14.5;39.5;36.6;14.4;19.3;74.5;10.6;34.5;45.2;27.1;8.1;4.8;14.1;18.6;2020-2021
Chicago;111.6;41.4;87.7;47.3;11.5;32.3;35.6;17.2;22.2;77.4;8.7;33.5;42.1;24.1;8.5;5.1;12.1;17.7;2020-2021
Toronto ;111.7;39.0;84.7;46.1;13.9;36.7;37.9;19.8;24.8;79.9;10.0;35.9;45.9;26.0;6.6;5.6;15.3;19.5;2020-2021
Memphis ;112.3;41.0;88.7;46.2;12.9;35.1;36.7;17.4;22.1;78.8;9.8;34.9;44.7;25.4;7.7;5.2;14.2;18.3;2020-2021
Cleveland ;112.3;42.0;86.7;48.4;12.4;32.4;38.3;15.9;20.4;77.9;9.9;33.8;43.7;25.4;8.5;5.9;13.5;20.2;2020-2021
Golden State;112.7;40.2;89.0;45.2;12.4;34.5;35.9;19.8;25.5;77.8;10.7;36.6;47.3;23.8;7.9;4.3;14.5;19.5;2020-2021
San Antonio ;112.8;42.4;89.8;47.2;12.3;32.6;37.7;15.7;20.7;75.8;10.2;37.2;47.4;24.8;6.3;5.1;12.5;18.6;2020-2021
Orlando ;113.3;42.2;89.7;47.1;13.7;36.8;37.3;15.2;19.3;78.6;9.8;37.6;47.4;26.0;7.6;5.3;12.2;18.7;2020-2021
Brooklyn;114.1;41.9;91.3;45.9;13.2;36.2;36.5;17.1;22.0;77.5;10.5;32.6;43.1;24.0;7.6;4.6;12.1;18.9;2020-2021
Milwaukee;114.2;42.4;92.9;45.6;14.8;38.6;38.4;14.6;18.8;78.0;9.6;33.8;43.4;25.1;7.0;4.8;12.7;18.3;2020-2021
Portland ;114.3;41.8;88.3;47.3;12.9;34.6;37.2;17.9;22.8;78.7;9.9;35.5;45.4;24.9;6.1;4.6;12.0;19.1;2020-2021
New Orleans ;114.9;41.9;89.3;46.9;14.5;38.1;38.0;16.6;21.1;79.0;8.9;32.9;41.8;25.9;7.7;5.9;12.8;21.3;2020-2021
Indiana ;115.3;42.7;91.3;46.8;11.5;31.5;36.6;18.4;23.5;78.2;11.3;35.5;46.8;26.1;7.4;5.3;14.3;18.1;2020-2021
Oklahoma City;115.6;43.4;91.7;47.3;13.6;37.3;36.4;15.3;19.8;77.3;10.1;37.0;47.1;25.8;9.0;5.3;12.5;18.6;2020-2021
Houston;116.7;42.7;89.0;48.0;13.4;35.2;38.2;17.9;22.8;78.3;9.9;37.7;47.6;25.8;8.5;5.3;13.8;19.3;2020-2021
Sacramento;117.4;43.6;89.4;48.8;12.4;32.6;38.0;17.8;22.7;78.7;10.7;34.6;45.2;25.3;7.6;4.7;13.2;18.7;2020-2021
Minnesota ;117.7;43.0;89.3;48.2;13.1;33.5;39.2;18.5;23.5;78.6;10.0;35.8;45.8;26.8;7.6;5.5;14.7;19.9;2020-2021
Washington;118.5;43.1;91.6;47.1;12.4;33.7;36.9;19.8;25.4;78.1;10.3;35.8;46.1;24.5;8.2;4.8;14.1;22.0;2020-2021
Toronto ;106.5;37.8;88.3;42.8;13.1;38.9;33.7;17.8;23.2;76.9;10.9;35.1;46.1;25.6;7.2;5.5;16.0;20.4;2019-2020
Boston;107.3;38.4;87.1;44.1;11.8;34.8;34.0;18.8;24.5;76.7;10.3;34.0;44.3;22.4;7.1;5.5;14.6;20.7;2019-2020
Indiana ;107.5;39.5;88.5;44.6;11.5;33.6;34.1;17.0;21.6;78.8;10.4;34.9;45.2;23.1;6.9;4.6;14.0;18.8;2019-2020
L.A. Lakers;107.6;39.1;87.1;44.8;11.6;33.4;34.9;17.9;22.9;78.1;9.4;32.9;42.3;23.4;8.2;3.7;15.2;21.7;2019-2020
Orlando ;108.3;40.4;86.9;46.5;12.2;33.6;36.4;15.3;19.8;77.1;9.0;35.8;44.9;24.7;7.0;4.6;14.1;19.5;2019-2020
Philadelphia;108.4;39.8;86.0;46.3;10.4;29.4;35.3;18.4;24.5;75.1;8.6;33.2;41.8;22.8;7.0;4.0;13.4;20.5;2019-2020
Oklahoma City;108.4;40.8;89.6;45.5;11.3;33.3;34.0;15.5;19.6;79.5;10.5;34.3;44.8;23.0;7.0;4.0;13.7;22.8;2019-2020
Milwaukee;108.6;38.9;94.0;41.4;14.0;39.3;35.5;16.7;21.2;78.7;9.5;36.3;45.8;24.2;7.4;4.5;13.6;21.7;2019-2020
Utah ;108.8;40.7;89.1;45.7;11.0;31.0;35.3;16.5;21.5;76.7;9.6;33.1;42.7;21.5;7.9;4.6;11.8;20.8;2019-2020
Miami;109.1;38.8;86.7;44.8;13.1;37.7;34.7;18.4;23.6;78.3;9.2;33.3;42.5;24.6;7.5;4.1;13.6;21.7;2019-2020
Denver;109.2;40.0;86.5;46.3;12.1;33.9;35.8;17.1;22.5;75.9;10.1;32.6;42.6;25.4;7.2;4.4;13.7;20.5;2019-2020
Charlotte;109.6;41.7;87.5;47.6;12.4;35.1;35.2;14.0;18.4;75.8;10.9;35.0;46.0;26.6;8.0;5.0;13.5;20.6;2019-2020
L.A. Clippers;109.9;39.5;90.2;43.8;12.3;35.6;34.5;18.5;24.5;75.6;10.7;34.6;45.3;23.7;7.5;4.7;13.6;22.9;2019-2020
Chicago;109.9;39.5;82.5;47.9;11.2;31.6;35.3;19.7;26.0;75.9;10.2;35.4;45.5;25.4;8.2;5.9;17.5;19.2;2019-2020
Detroit;110.8;41.9;87.3;48.0;10.7;29.6;36.1;16.2;20.9;77.7;10.1;33.4;43.5;24.6;8.2;5.6;13.2;19.8;2019-2020
Dallas;112.1;41.9;91.6;45.8;12.3;34.9;35.1;16.0;21.0;76.0;10.4;35.0;45.4;23.9;7.0;4.1;11.4;21.3;2019-2020
Sacramento;112.1;40.3;85.5;47.1;12.4;34.8;35.7;19.2;24.3;79.0;9.1;34.5;43.5;24.9;7.7;4.2;14.6;19.5;2019-2020
New York;112.3;39.9;86.0;46.3;13.3;34.9;38.1;19.2;25.7;74.9;9.6;34.6;44.2;24.3;7.2;5.0;13.1;19.8;2019-2020
Brooklyn;112.3;41.4;92.9;44.6;12.2;34.8;35.0;17.4;22.6;76.9;10.6;35.3;45.9;22.6;7.7;5.3;12.3;21.1;2019-2020
Phoenix;113.4;41.2;87.4;47.2;11.6;32.0;36.3;19.3;24.5;78.8;9.1;34.2;43.3;23.6;7.9;5.5;15.0;22.6;2019-2020
Memphis ;113.7;40.6;90.3;45.0;12.9;35.3;36.5;19.6;25.0;78.2;10.4;34.5;44.9;24.8;8.0;5.3;14.3;20.2;2019-2020
Cleveland ;114.8;43.9;89.4;49.1;12.4;33.0;37.5;14.7;19.2;76.7;9.7;33.1;42.9;26.1;9.4;6.3;12.6;19.6;2019-2020
Houston;114.8;42.3;91.5;46.2;12.2;35.0;34.9;18.0;23.7;76.1;11.2;36.7;47.9;25.3;8.0;4.9;15.5;21.0;2019-2020
Golden State;115.0;42.2;88.6;47.6;13.5;34.8;38.9;17.1;21.9;78.3;10.2;36.3;46.5;26.1;8.2;4.9;14.7;20.1;2019-2020
San Antonio ;115.2;42.3;90.2;46.9;13.1;35.1;37.3;17.4;22.5;77.7;9.4;35.9;45.3;25.7;6.8;4.3;12.8;20.1;2019-2020
Portland ;116.1;41.8;91.6;45.6;13.6;35.4;38.3;19.1;24.7;77.1;11.5;35.4;46.9;24.9;6.8;4.9;12.4;20.1;2019-2020
New Orleans ;117.1;42.7;91.8;46.5;12.2;33.9;36.1;19.4;24.7;78.9;10.1;34.7;44.8;24.5;8.5;4.8;13.9;21.1;2019-2020
Minnesota ;117.5;43.1;90.4;47.7;11.6;31.9;36.3;19.7;25.2;78.3;10.1;37.2;47.3;24.4;7.8;5.5;14.8;21.6;2019-2020
Washington;119.1;43.1;88.4;48.8;12.4;33.1;37.6;20.4;26.3;77.8;10.5;35.7;46.2;25.2;7.5;5.0;15.5;22.2;2019-2020
Atlanta;119.7;43.3;90.7;47.8;11.9;32.7;36.3;21.2;27.4;77.2;11.2;35.9;47.0;25.0;9.0;6.4;14.4;21.0;2019-2020
Indiana ;104.7;38.7;86.1;45.0;11.4;32.1;35.4;15.8;21.0;75.6;10.5;33.1;43.7;24.5;7.4;5.2;14.9;20.0;2018-2019
Miami;105.9;38.3;86.8;44.1;11.9;33.1;35.8;17.5;22.7;76.9;10.1;34.0;44.2;23.3;7.5;4.7;13.5;20.1;2018-2019
Memphis ;106.1;37.6;83.4;45.1;11.6;32.2;36.0;19.3;24.7;78.4;9.5;35.2;44.7;23.4;7.6;4.9;14.5;21.4;2018-2019
Utah ;106.5;40.0;88.5;45.2;9.8;27.7;35.5;16.7;22.2;75.3;8.9;33.7;42.6;21.6;8.5;4.6;13.4;22.4;2018-2019
Orlando ;106.6;39.9;87.6;45.6;10.5;30.2;34.7;16.3;20.9;77.8;9.0;35.6;44.6;23.1;7.0;4.4;12.5;18.7;2018-2019
Denver;106.7;39.6;86.4;45.8;10.8;31.9;33.9;16.7;22.2;75.3;9.7;32.7;42.5;24.6;7.4;5.0;13.0;20.4;2018-2019
Detroit;107.3;39.9;85.0;46.9;9.6;27.8;34.5;17.9;23.7;75.5;9.1;34.6;43.7;23.7;6.9;5.1;13.6;21.3;2018-2019
Boston;108.0;39.5;88.1;44.8;11.5;33.5;34.4;17.4;22.8;76.4;10.4;35.5;45.9;23.7;6.8;3.9;14.6;19.5;2018-2019
Toronto ;108.4;40.3;89.7;44.9;10.8;31.2;34.5;17.1;22.3;76.5;10.6;34.2;44.8;24.5;7.6;4.5;14.3;20.5;2018-2019
Houston;109.1;40.4;86.7;46.6;10.1;29.8;34.0;18.2;23.7;76.8;11.0;34.5;45.4;23.5;7.4;4.5;14.5;20.0;2018-2019
Milwaukee;109.3;40.5;93.5;43.3;13.1;36.3;36.1;15.1;20.7;73.3;9.9;35.4;45.3;24.8;6.8;4.8;13.0;20.2;2018-2019
San Antonio ;110.0;41.5;89.7;46.3;11.7;32.7;35.9;15.2;20.2;75.5;9.2;34.7;43.9;24.7;7.2;4.0;11.7;19.6;2018-2019
Dallas;110.1;40.9;89.2;45.9;11.2;32.5;34.4;17.1;22.0;77.7;10.2;34.6;44.8;24.5;7.8;4.5;12.5;23.2;2018-2019
Portland ;110.5;41.1;90.0;45.7;10.7;29.8;35.9;17.5;22.8;77.0;10.3;32.6;42.8;23.2;7.4;5.1;11.9;20.7;2018-2019
Oklahoma City;111.1;40.8;88.7;46.0;11.2;31.6;35.6;18.3;24.0;76.1;9.9;35.8;45.7;24.9;8.2;5.1;16.0;22.5;2018-2019
Golden State;111.2;40.4;91.1;44.4;11.6;33.6;34.7;18.7;24.2;77.3;10.8;33.5;44.3;24.3;7.7;3.6;12.9;19.5;2018-2019
Charlotte;111.8;41.9;89.2;47.0;12.1;33.5;36.1;15.9;20.2;78.7;10.1;35.7;45.8;26.0;6.9;6.0;13.0;20.6;2018-2019
Brooklyn;112.3;42.2;92.5;45.6;10.3;30.3;34.1;17.6;22.8;77.0;11.0;35.2;46.2;23.7;7.8;5.3;12.8;22.0;2018-2019
Philadelphia;112.5;41.7;91.5;45.5;10.3;30.0;34.2;18.8;24.5;76.8;10.0;33.5;43.5;23.4;7.7;4.1;12.3;22.1;2018-2019
Chicago;113.4;42.2;89.2;47.3;12.1;33.0;36.5;16.8;22.0;76.3;10.0;36.4;46.4;25.5;7.3;5.8;12.8;18.7;2018-2019
L.A. Lakers;113.5;41.9;92.8;45.2;11.8;34.0;34.9;17.8;22.7;78.4;11.3;35.6;46.9;25.0;8.3;5.1;13.5;20.8;2018-2019
New York;113.8;41.9;89.7;46.7;11.8;32.6;36.3;18.2;23.8;76.6;10.7;36.8;47.5;25.6;7.4;5.6;12.7;20.8;2018-2019
Minnesota ;114.0;42.1;90.1;46.7;12.7;33.6;37.8;17.1;22.3;76.7;11.2;34.4;45.6;26.2;6.6;5.5;14.3;21.9;2018-2019
Cleveland ;114.1;43.2;87.2;49.5;12.0;31.6;38.0;15.8;20.5;77.0;9.5;34.6;44.1;25.7;6.9;5.6;12.0;19.4;2018-2019
L.A. Clippers;114.3;41.7;91.3;45.7;10.4;30.2;34.3;20.5;26.3;77.7;11.3;34.5;45.7;24.1;8.3;6.1;12.7;24.0;2018-2019
Sacramento;115.3;42.3;90.6;46.6;12.0;34.6;34.8;18.8;24.4;77.0;11.2;36.8;48.0;24.7;7.5;5.1;15.3;21.4;2018-2019
New Orleans ;116.8;43.3;92.8;46.6;12.3;33.7;36.4;17.9;23.5;76.4;11.0;34.8;45.8;26.5;8.6;5.4;13.1;21.0;2018-2019
Phoenix;116.8;42.5;88.2;48.2;11.1;29.9;37.2;20.8;27.6;75.3;11.8;35.3;47.2;25.9;9.0;5.0;15.2;20.7;2018-2019
Washington;116.9;43.4;90.5;48.0;12.1;32.8;37.0;18.0;23.1;77.8;11.4;35.8;47.3;26.2;7.7;4.6;15.0;21.2;2018-2019
Atlanta;119.4;42.8;90.5;47.3;12.4;34.4;35.9;21.5;28.3;75.8;10.6;35.4;46.0;26.9;9.9;5.5;14.6;22.2;2018-2019
San Antonio ;99.8;38.2;84.3;45.3;9.1;26.3;34.8;14.3;18.9;75.9;9.2;33.3;42.5;21.8;7.6;3.9;13.6;19.7;2017-2018
Utah ;99.8;37.3;83.0;44.9;9.5;26.0;36.5;15.8;20.5;77.1;8.7;33.0;41.6;20.0;8.3;4.6;14.5;20.5;2017-2018
Boston;100.4;37.4;85.0;44.0;9.4;27.7;33.9;16.3;21.3;76.3;9.6;34.2;43.8;21.3;7.2;4.4;13.5;19.2;2017-2018
Miami;102.9;37.7;83.8;45.0;9.6;26.6;36.0;18.0;23.0;78.3;9.1;34.0;43.1;21.0;7.5;4.6;13.6;19.4;2017-2018
Portland ;103.0;38.4;85.9;44.7;9.7;26.6;36.4;16.6;22.0;75.5;9.3;33.6;42.9;20.2;7.3;5.1;12.3;19.1;2017-2018
Toronto ;103.9;38.4;85.6;44.9;8.9;25.0;35.7;18.2;23.7;76.7;9.8;32.6;42.4;21.8;7.2;4.9;13.7;19.9;2017-2018
Houston;103.9;39.6;85.6;46.2;10.1;28.8;35.1;14.6;19.6;74.6;8.7;33.4;42.0;22.4;7.4;4.4;14.0;20.4;2017-2018
Detroit;103.9;39.1;85.2;45.9;11.1;30.8;35.9;14.6;18.9;77.6;9.2;34.5;43.8;25.2;7.3;4.9;14.2;18.4;2017-2018
Indiana ;104.2;39.4;84.8;46.5;10.6;30.4;34.9;14.8;19.5;75.7;10.2;32.7;43.0;23.2;7.0;5.2;14.8;18.5;2017-2018
Oklahoma City;104.4;38.5;84.0;45.8;11.2;30.6;36.7;16.2;21.1;76.9;9.5;32.6;42.2;23.3;7.7;4.6;15.1;21.3;2017-2018
Philadelphia;105.3;38.0;87.6;43.4;10.1;29.6;34.2;19.1;25.6;74.5;10.0;32.2;42.2;21.7;8.5;5.1;13.7;20.4;2017-2018
Dallas;105.4;39.3;83.8;46.9;10.7;29.4;36.3;16.2;21.4;75.7;8.8;36.9;45.8;23.5;7.2;4.5;13.3;19.6;2017-2018
Memphis ;105.5;37.1;80.3;46.2;10.7;29.0;36.8;20.6;26.8;76.9;9.5;33.0;42.5;22.1;8.1;5.1;14.0;20.4;2017-2018
Sacramento;105.8;38.7;82.4;47.0;11.9;31.5;37.7;16.4;21.5;76.5;9.1;34.7;43.8;23.6;7.8;4.7;13.6;17.3;2017-2018
Washington;106.0;39.0;84.4;46.2;10.2;29.2;34.9;17.9;23.5;76.1;9.8;32.7;42.5;22.3;7.8;4.7;14.4;20.0;2017-2018
Milwaukee;106.8;39.1;83.7;46.8;10.1;27.1;37.3;18.4;23.5;78.3;10.0;32.8;42.7;23.6;7.1;4.5;14.7;19.9;2017-2018
Minnesota ;107.3;40.2;84.7;47.5;10.9;29.6;36.6;16.0;20.5;77.9;9.8;32.0;41.8;23.9;6.5;4.7;14.5;20.9;2017-2018
Golden State;107.5;40.2;90.0;44.7;10.4;29.2;35.7;16.7;22.0;75.8;10.9;31.6;42.5;23.6;8.7;3.7;13.5;18.5;2017-2018
Charlotte;108.0;41.1;87.8;46.8;11.3;30.1;37.5;14.5;18.2;79.5;8.4;35.3;43.7;24.7;6.6;4.9;13.1;22.4;2017-2018
New York;108.0;39.4;86.3;45.7;11.2;30.4;36.8;18.0;23.2;77.4;10.2;33.0;43.2;24.0;8.2;4.7;12.8;18.4;2017-2018
Orlando ;108.2;40.9;87.5;46.8;10.0;27.6;36.2;16.4;21.2;77.3;10.6;35.3;45.9;24.4;7.8;4.9;13.5;19.0;2017-2018
Denver;108.5;41.3;86.7;47.6;10.9;28.8;37.8;15.0;20.4;73.8;9.8;31.9;41.6;24.7;8.0;4.8;13.4;20.7;2017-2018
Atlanta;108.8;40.7;86.7;46.9;11.6;30.7;37.7;15.9;20.6;77.2;10.3;34.0;44.2;26.1;8.7;5.5;14.6;20.3;2017-2018
L.A. Clippers;109.0;40.2;87.7;45.8;10.7;30.2;35.6;17.8;22.7;78.2;10.6;33.0;43.6;24.6;8.5;5.6;13.6;22.0;2017-2018
L.A. Lakers;109.6;41.0;89.9;45.6;10.4;30.1;34.6;17.1;22.5;76.1;10.2;34.6;44.8;23.6;8.3;5.5;13.6;20.5;2017-2018
Cleveland ;109.9;41.8;88.3;47.4;11.7;31.7;36.8;14.6;19.4;75.6;9.9;33.7;43.6;25.9;7.5;4.1;12.9;20.7;2017-2018
Chicago;110.0;41.0;86.8;47.2;12.1;32.7;37.0;15.9;20.2;78.7;8.4;37.2;45.7;25.9;7.2;5.2;13.0;17.4;2017-2018
Brooklyn;110.3;41.7;89.4;46.6;9.0;24.5;36.9;17.9;23.4;76.6;10.4;36.4;46.8;21.7;7.7;5.5;12.0;19.7;2017-2018
New Orleans ;110.4;41.7;91.9;45.4;10.9;30.6;35.5;16.1;20.5;78.4;10.8;34.7;45.5;23.7;8.2;4.2;13.8;20.4;2017-2018
Phoenix;113.3;41.8;88.7;47.1;10.9;29.2;37.3;18.8;24.6;76.6;10.4;35.4;45.9;23.3;8.7;6.0;13.0;20.9;2017-2018
Utah ;96.8;36.3;82.0;44.3;8.2;22.9;35.8;16.0;20.7;76.9;9.0;31.1;40.2;17.8;7.3;3.8;11.5;20.2;2016-2017
San Antonio ;98.1;37.0;83.4;44.3;8.1;23.7;34.4;16.0;20.8;77.1;9.8;31.7;41.5;21.4;7.5;4.1;13.8;19.8;2016-2017
Memphis ;100.0;34.9;78.8;44.3;9.9;28.0;35.4;20.2;26.9;75.3;9.3;32.8;42.1;20.1;7.0;5.0;13.6;20.8;2016-2017
Dallas;100.8;37.0;79.0;46.9;9.6;25.3;38.0;17.2;22.3;77.2;8.9;35.6;44.5;21.3;6.5;3.4;14.5;19.4;2016-2017
Miami;102.1;37.9;84.2;45.0;7.8;22.7;34.3;18.5;23.7;78.2;10.2;33.4;43.6;19.6;6.8;4.9;13.0;18.7;2016-2017
Chicago;102.4;39.5;86.6;45.6;8.9;25.9;34.5;14.6;19.0;77.0;10.3;32.9;43.2;23.6;7.3;4.6;12.9;18.8;2016-2017
Detroit;102.5;38.3;83.3;46.0;9.4;25.6;36.6;16.4;21.0;78.0;8.0;34.9;42.9;23.5;6.7;4.2;12.2;17.5;2016-2017
Toronto ;102.6;37.2;82.9;44.9;9.7;27.3;35.4;18.5;23.8;78.0;10.1;32.0;42.1;21.8;6.7;4.8;14.0;20.3;2016-2017
Milwaukee;103.8;38.0;83.0;45.8;10.0;28.2;35.3;17.9;23.2;77.1;10.3;32.1;42.5;24.1;7.4;4.6;14.0;19.3;2016-2017
Atlanta;104.0;38.8;87.3;44.4;10.9;30.5;35.7;15.6;20.2;77.2;10.7;33.2;43.9;23.4;9.0;5.2;14.7;21.6;2016-2017
Golden State;104.3;38.8;89.2;43.5;9.0;27.8;32.4;17.7;23.2;76.1;11.7;31.8;43.5;22.7;8.6;3.8;14.8;19.4;2016-2017
L.A. Clippers;104.4;38.6;85.4;45.2;9.2;26.3;35.0;18.0;23.4;77.2;10.2;32.9;43.1;23.1;7.0;3.1;12.6;22.4;2016-2017
Charlotte;104.7;39.5;86.5;45.6;11.6;31.4;36.9;14.2;18.2;77.6;8.9;35.5;44.4;24.5;6.6;5.5;12.4;19.9;2016-2017
Indiana ;105.3;38.0;84.3;45.1;10.4;29.1;35.5;19.0;24.1;78.9;10.7;33.5;44.3;22.3;8.1;5.0;14.3;19.5;2016-2017
Boston;105.4;38.6;85.8;45.0;9.0;27.0;33.2;19.1;24.9;76.9;10.8;33.8;44.5;22.6;7.6;5.2;13.4;20.3;2016-2017
Oklahoma City;105.8;39.2;85.3;45.9;8.8;24.8;35.6;18.6;24.3;76.4;9.1;31.5;40.6;21.4;8.5;5.5;13.2;20.7;2016-2017
New Orleans ;106.4;40.1;89.0;45.0;10.5;29.8;35.3;15.8;20.7;76.2;10.6;37.7;48.3;23.4;7.4;4.2;13.4;19.3;2016-2017
Sacramento;106.7;38.5;83.2;46.2;10.9;30.0;36.4;18.9;24.2;77.8;10.1;32.8;42.9;23.7;8.5;5.1;13.3;20.1;2016-2017
Minnesota ;106.7;39.6;83.3;47.5;9.9;27.0;36.6;17.6;22.9;76.8;9.8;30.6;40.4;23.1;7.7;5.0;13.8;20.5;2016-2017
Cleveland ;107.2;40.6;88.8;45.8;10.4;28.7;36.1;15.5;20.0;77.3;11.0;33.2;44.2;24.7;7.3;4.3;12.0;20.6;2016-2017
Washington;107.4;39.7;85.1;46.6;9.9;27.1;36.4;18.2;24.2;75.1;10.6;32.5;43.0;22.8;7.4;4.6;14.8;19.8;2016-2017
Orlando ;107.6;40.3;86.4;46.7;9.7;26.3;36.8;17.4;22.7;76.6;9.7;35.8;45.5;23.6;7.6;5.1;12.4;18.7;2016-2017
New York;108.0;39.7;87.3;45.5;9.8;28.2;34.8;18.7;24.2;77.1;11.6;33.1;44.7;21.8;7.5;4.6;12.4;18.5;2016-2017
Philadelphia;108.1;39.6;85.9;46.1;8.9;24.9;35.7;20.1;26.0;77.3;10.8;34.2;45.0;22.7;8.6;5.4;14.5;19.6;2016-2017
Portland ;108.5;39.2;86.2;45.5;9.3;25.1;37.0;20.8;26.5;78.5;10.1;33.9;44.0;20.6;7.7;5.3;12.4;19.8;2016-2017
Houston;109.6;41.2;88.9;46.3;10.0;29.1;34.3;17.3;22.2;77.8;10.7;33.4;44.1;24.1;8.5;5.0;14.4;20.4;2016-2017
Denver;111.2;42.1;88.4;47.7;9.9;26.3;37.5;17.1;21.9;78.2;9.4;31.4;40.8;24.0;8.3;4.9;11.5;20.2;2016-2017
L.A. Lakers;111.5;41.5;86.0;48.3;10.1;27.4;37.0;18.3;24.0;76.2;10.3;34.2;44.4;25.7;8.5;5.4;14.0;18.5;2016-2017
Brooklyn;112.5;41.6;90.8;45.8;10.0;27.2;36.6;19.3;25.0;77.2;11.0;36.2;47.2;23.0;9.5;5.6;12.9;20.4;2016-2017
Phoenix;113.3;40.2;86.2;46.7;10.1;26.3;38.2;22.8;29.1;78.3;10.2;33.8;44.0;22.2;8.1;5.3;14.5;22.2;2016-2017
San Antonio ;92.9;35.7;81.8;43.6;6.6;19.9;33.1;14.9;19.6;75.8;9.1;31.4;40.5;20.8;7.2;3.9;14.3;19.5;2015-2016
Utah ;95.9;35.6;79.9;44.6;7.9;22.2;35.7;16.8;22.5;74.6;9.3;30.8;40.1;19.1;8.0;4.7;13.3;19.9;2015-2016
Toronto ;98.2;36.5;82.1;44.4;8.7;23.4;37.3;16.5;22.1;74.8;9.5;31.2;40.8;21.7;6.5;5.4;12.8;22.0;2015-2016
Cleveland ;98.3;36.8;82.1;44.8;7.9;22.7;34.7;16.8;22.6;74.3;9.3;31.8;41.0;21.4;7.2;4.4;12.9;20.6;2015-2016
Miami;98.4;37.2;84.3;44.2;7.4;21.2;34.7;16.5;21.5;77.0;9.8;31.5;41.3;20.2;7.5;4.1;12.3;19.6;2015-2016
Atlanta;99.2;37.1;86.1;43.2;8.3;24.5;33.8;16.7;22.1;75.5;11.5;35.0;46.5;22.0;8.6;5.0;15.5;18.3;2015-2016
L.A. Clippers;100.2;36.8;84.7;43.4;7.9;23.3;33.8;18.8;25.1;75.1;11.8;34.9;46.7;21.2;7.1;3.2;14.7;22.5;2015-2016
Indiana ;100.5;37.4;84.9;44.0;8.3;24.8;33.4;17.4;23.2;75.1;10.7;33.8;44.5;20.8;7.7;4.5;15.2;20.4;2015-2016
Charlotte;100.7;37.8;85.0;44.4;8.9;25.4;34.9;16.3;21.2;76.9;8.9;35.8;44.7;23.2;6.7;5.5;13.0;20.4;2015-2016
New York;101.1;38.0;85.8;44.3;7.6;22.4;34.1;17.5;23.2;75.4;10.9;33.3;44.2;20.8;7.2;4.2;10.8;18.5;2015-2016
Memphis ;101.3;35.9;78.8;45.6;9.7;26.6;36.5;19.7;25.7;76.8;10.1;33.1;43.2;21.9;7.0;5.7;15.5;21.1;2015-2016
Detroit;101.4;38.8;84.2;46.1;7.3;20.5;35.5;16.5;21.0;78.3;8.8;33.7;42.5;21.5;7.1;4.5;12.9;21.6;2015-2016
Boston;102.5;37.5;85.0;44.1;7.8;23.3;33.6;19.7;26.0;75.5;11.4;34.6;46.0;20.9;7.6;5.5;15.8;21.0;2015-2016
Dallas;102.6;38.3;85.0;45.1;9.1;26.5;34.2;16.9;22.8;73.8;10.6;35.2;45.8;22.0;7.5;4.4;13.4;21.4;2015-2016
Oklahoma City;102.9;38.4;87.7;43.8;8.1;23.8;34.2;18.0;23.8;75.6;11.3;28.9;40.2;21.5;8.8;4.5;12.5;20.2;2015-2016
Chicago;103.1;39.4;89.4;44.1;7.9;23.0;34.5;16.3;22.1;73.7;11.8;34.1;45.9;22.5;8.0;5.7;11.3;18.7;2015-2016
Milwaukee;103.2;37.8;83.1;45.4;9.3;26.5;35.2;18.4;23.9;76.8;11.5;31.5;43.0;24.5;8.3;5.6;14.8;19.5;2015-2016
Orlando ;103.7;38.4;83.5;46.0;8.9;24.9;35.9;17.9;24.0;74.6;10.1;34.1;44.3;23.2;7.6;5.5;14.5;18.3;2015-2016
Golden State;104.1;38.9;89.4;43.5;7.8;23.5;33.2;18.6;24.5;75.7;11.4;32.5;43.9;22.2;8.7;4.1;13.8;19.8;2015-2016
Portland ;104.3;38.4;84.7;45.3;8.5;23.0;37.1;19.0;26.0;73.4;10.6;33.1;43.7;21.6;7.7;5.2;12.8;19.5;2015-2016
Washington;104.6;38.7;83.8;46.2;9.0;24.2;37.1;18.3;23.7;76.9;9.4;34.9;44.3;22.5;8.1;4.3;15.6;20.1;2015-2016
Denver;105.0;38.8;84.2;46.1;9.2;24.8;37.1;18.2;23.9;76.1;9.7;32.9;42.7;23.5;8.0;6.3;13.1;20.9;2015-2016
Minnesota ;106.0;40.0;84.9;47.1;9.0;25.5;35.5;17.0;22.5;75.7;10.7;31.2;41.9;22.6;7.8;5.2;14.2;21.6;2015-2016
Brooklyn;106.0;40.8;85.2;47.9;9.5;25.6;36.9;15.0;19.6;76.3;10.2;33.2;43.4;24.5;8.8;5.2;13.5;18.4;2015-2016
Houston;106.4;39.0;85.1;45.9;9.7;26.9;36.1;18.6;24.6;75.6;11.8;32.8;44.6;24.6;9.0;4.9;15.8;22.5;2015-2016
New Orleans ;106.5;39.2;83.9;46.8;9.2;24.9;36.9;18.8;24.0;78.3;8.9;35.5;44.4;23.2;7.3;5.2;13.2;19.9;2015-2016
L.A. Lakers;106.9;40.5;85.6;47.3;8.5;24.6;34.7;17.3;23.7;73.1;10.9;35.5;46.5;24.7;7.5;5.6;12.1;19.2;2015-2016
Phoenix;107.5;39.1;83.8;46.7;9.4;24.9;37.7;19.9;26.5;74.9;9.9;33.8;43.7;22.4;9.5;5.5;14.3;21.6;2015-2016
Philadelphia;107.6;39.7;85.4;46.4;7.8;21.7;35.9;20.5;26.1;78.6;11.1;36.4;47.6;23.4;8.7;5.7;14.5;19.2;2015-2016
Sacramento;109.1;40.6;87.7;46.2;10.2;28.0;36.6;17.7;23.2;76.2;11.3;33.7;45.0;24.2;8.8;5.3;15.6;22.0;2015-2016
Utah ;94.9;35.8;80.3;44.6;7.4;20.4;36.2;16.0;21.5;74.4;9.9;29.3;39.2;19.4;8.2;4.7;12.6;19.6;2014-2015
Memphis ;95.1;36.0;81.5;44.2;8.1;23.0;35.1;14.9;20.1;74.2;10.5;31.9;42.4;20.1;7.4;5.2;14.6;20.3;2014-2015
San Antonio ;97.0;37.1;83.7;44.4;6.8;18.9;36.0;15.9;21.4;74.5;9.9;32.2;42.1;20.7;7.9;4.4;13.5;19.7;2014-2015
Indiana ;97.0;36.0;82.7;43.5;7.2;20.9;34.5;17.9;23.8;75.3;9.8;33.0;42.7;19.9;7.5;4.7;12.1;21.4;2014-2015
Atlanta;97.1;36.5;83.1;43.9;8.8;25.8;34.1;15.4;20.1;76.4;11.6;32.1;43.6;23.5;7.4;4.9;15.4;19.6;2014-2015
Miami;97.3;36.1;79.5;45.4;8.1;23.0;35.3;17.0;23.2;73.0;10.9;30.1;41.0;21.3;7.9;4.4;14.1;20.9;2014-2015
Charlotte;97.3;36.8;83.7;44.0;7.9;22.1;35.7;15.8;20.4;77.2;8.9;35.2;44.1;22.1;6.1;5.4;12.0;20.8;2014-2015
Milwaukee;97.4;35.6;81.5;43.7;8.2;24.1;34.2;18.0;24.3;74.2;11.4;31.4;42.9;22.3;8.6;4.8;16.6;20.1;2014-2015
Chicago;97.8;37.7;86.7;43.5;6.6;19.6;33.5;15.7;21.0;74.9;11.7;31.7;43.4;20.2;7.5;5.4;11.7;21.2;2014-2015
Washington;97.8;36.2;83.5;43.3;8.0;23.0;34.9;17.5;23.7;73.8;10.0;31.7;41.7;19.9;8.0;4.3;13.3;19.6;2014-2015
New Orleans ;98.6;37.9;83.1;45.6;6.5;19.6;33.5;16.2;21.4;75.9;10.6;30.9;41.5;20.7;6.8;5.8;11.8;18.7;2014-2015
Portland ;98.6;38.2;86.9;43.9;6.4;18.9;33.8;15.8;20.9;75.8;11.0;33.6;44.6;20.4;8.0;3.6;11.6;18.7;2014-2015
Cleveland ;98.7;38.1;83.5;45.6;7.7;22.5;34.3;14.8;19.9;74.5;10.8;30.3;41.1;24.1;7.8;4.5;12.7;20.5;2014-2015
Detroit;99.5;37.9;83.1;45.6;7.7;21.8;35.5;16.0;20.7;77.2;10.7;33.4;44.1;23.8;7.0;4.8;13.4;19.3;2014-2015
Golden State;99.9;37.0;86.4;42.8;7.2;21.4;33.7;18.7;24.5;76.3;11.7;32.8;44.5;21.0;8.3;3.6;15.5;18.8;2014-2015
L.A. Clippers;100.1;36.4;82.3;44.2;8.3;23.9;34.9;19.0;25.7;74.1;10.6;32.3;42.9;23.2;6.7;3.0;13.6;21.5;2014-2015
Houston;100.5;37.7;85.2;44.3;7.4;22.9;32.2;17.7;23.6;75.1;11.9;32.0;43.8;21.4;8.9;5.3;15.5;21.1;2014-2015
Brooklyn;100.9;38.4;84.3;45.6;8.5;23.7;35.8;15.6;21.3;73.1;11.4;32.9;44.3;23.7;7.8;4.5;13.0;20.0;2014-2015
Toronto ;100.9;38.0;82.8;45.9;7.7;22.3;34.6;17.2;23.5;73.3;11.2;31.2;42.5;22.8;6.9;5.0;13.8;20.3;2014-2015
Philadelphia;101.0;37.1;82.7;44.9;8.0;22.9;35.0;18.7;24.7;75.6;11.5;34.8;46.3;23.7;9.5;5.5;15.9;20.2;2014-2015
New York;101.2;37.0;80.4;46.0;8.5;22.3;38.0;18.8;24.8;75.9;11.0;32.5;43.5;21.7;8.0;4.3;13.4;19.1;2014-2015
Boston;101.2;38.1;84.7;45.0;7.4;22.0;33.6;17.6;23.3;75.5;10.9;33.8;44.7;21.9;7.1;5.3;14.6;18.8;2014-2015
Orlando ;101.4;38.0;82.0;46.3;8.3;22.6;36.8;17.2;22.9;75.1;10.1;33.4;43.5;23.4;7.7;5.4;13.9;17.9;2014-2015
Oklahoma City;101.8;37.6;85.5;44.0;8.3;24.2;34.3;18.2;24.5;74.5;11.2;31.5;42.7;22.1;7.8;4.6;12.9;20.4;2014-2015
Dallas;102.3;38.0;84.5;45.0;9.0;24.8;36.4;17.3;22.9;75.3;12.3;33.9;46.1;22.3;7.3;3.8;15.5;22.1;2014-2015
Phoenix;103.3;38.4;85.0;45.2;7.7;21.9;35.2;18.8;24.8;75.9;11.6;33.7;45.3;21.1;7.9;4.1;15.0;20.3;2014-2015
Denver;105.0;38.6;84.3;45.8;7.7;22.2;34.6;20.1;26.9;74.8;11.0;34.1;45.1;23.1;7.5;6.1;13.7;20.7;2014-2015
Sacramento;105.0;39.5;86.5;45.6;8.8;25.1;34.9;17.3;23.1;74.8;11.0;30.2;41.2;23.3;8.7;6.2;12.5;23.9;2014-2015
L.A. Lakers;105.3;38.8;83.1;46.6;8.5;23.4;36.3;19.2;25.8;74.5;10.0;34.1;44.2;24.0;7.5;4.8;12.4;19.4;2014-2015
Minnesota ;106.5;41.1;84.5;48.7;8.5;23.1;36.7;15.8;20.8;75.9;11.6;31.9;43.6;23.6;8.4;5.5;14.6;21.4;2014-2015
Chicago;91.8;35.0;81.2;43.0;6.6;18.7;35.1;15.3;20.3;75.3;10.7;30.6;41.3;19.6;7.6;6.0;13.7;20.9;2013-2014
Indiana ;92.3;34.8;82.8;42.0;6.6;19.0;34.5;16.3;21.6;75.5;10.4;30.7;41.2;18.6;7.2;4.6;13.2;21.9;2013-2014
Memphis ;94.6;35.7;79.3;45.0;7.5;21.1;35.5;15.8;20.6;76.6;9.9;29.3;39.2;19.9;7.2;5.0;13.6;18.9;2013-2014
Charlotte ;97.1;36.9;83.4;44.2;8.1;22.0;36.9;15.3;20.1;75.9;9.6;33.7;43.3;21.0;6.3;5.1;12.8;20.9;2013-2014
Miami;97.4;36.1;79.0;45.7;8.5;23.4;36.2;16.8;22.3;75.0;10.8;29.5;40.3;21.4;8.1;3.1;15.6;20.4;2013-2014
San Antonio ;97.6;37.8;85.1;44.4;6.5;18.3;35.3;15.7;20.6;76.0;10.5;31.7;42.2;20.4;7.7;4.6;13.3;19.3;2013-2014
Toronto ;98.0;36.1;80.2;45.0;6.9;19.2;36.0;19.0;25.3;75.2;10.4;30.5;41.0;21.0;7.3;4.3;14.3;22.1;2013-2014
New York;99.4;35.8;78.1;45.8;8.7;23.4;37.1;19.1;25.0;76.5;10.3;31.7;42.0;19.7;6.3;3.4;13.8;19.6;2013-2014
Washington;99.4;37.0;80.9;45.8;7.5;21.5;34.7;17.8;23.3;76.5;10.1;32.1;42.2;22.2;7.7;3.9;15.4;19.5;2013-2014
Golden State;99.5;36.8;84.4;43.6;6.9;20.2;34.4;18.9;24.7;76.5;10.7;32.6;43.3;20.5;7.9;4.2;14.5;19.3;2013-2014
Brooklyn;99.5;36.3;79.4;45.8;8.1;22.0;36.7;18.8;24.7;76.0;11.2;31.6;42.9;21.0;7.4;4.1;15.0;20.8;2013-2014
Oklahoma City;99.8;36.4;83.4;43.6;8.6;24.0;35.8;18.4;25.4;72.7;11.0;30.0;40.9;21.8;8.2;3.6;14.5;20.4;2013-2014
Boston;100.7;37.8;81.4;46.5;6.6;18.9;34.7;18.5;24.3;76.1;10.6;31.7;42.3;22.1;7.4;4.5;13.7;19.1;2013-2014
L.A. Clippers;101.0;37.4;84.9;44.1;7.3;21.8;33.2;18.9;25.0;75.5;12.3;31.4;43.7;23.3;7.0;3.5;14.7;23.4;2013-2014
Atlanta;101.5;38.6;83.5;46.2;8.0;21.9;36.5;16.4;21.9;74.8;10.8;32.8;43.5;23.2;8.2;4.3;14.5;20.0;2013-2014
Cleveland ;101.5;37.8;83.5;45.2;9.3;25.4;36.7;16.6;22.0;75.7;10.3;32.3;42.5;24.8;7.2;5.6;13.4;19.5;2013-2014
Orlando ;102.0;38.1;83.7;45.6;8.0;21.7;37.1;17.7;22.9;77.0;10.5;33.5;44.0;22.5;7.1;5.4;13.5;18.3;2013-2014
Utah ;102.2;38.3;81.0;47.3;7.3;19.4;37.6;18.3;23.7;77.3;10.3;32.2;42.5;21.8;7.5;4.9;12.2;20.4;2013-2014
New Orleans ;102.4;37.3;80.1;46.5;8.0;22.3;35.7;20.0;26.5;75.2;10.7;31.0;41.7;22.5;7.0;6.1;14.0;20.3;2013-2014
Dallas;102.4;37.8;81.4;46.4;8.3;23.0;35.9;18.7;24.6;75.8;11.5;31.3;42.8;22.0;7.7;3.5;15.4;19.9;2013-2014
Phoenix;102.6;38.0;83.4;45.6;6.8;19.9;34.1;19.8;25.8;76.6;11.3;31.5;42.8;20.3;7.5;4.0;14.7;21.3;2013-2014
Portland ;102.8;39.6;87.8;45.1;6.5;18.3;35.5;17.0;22.2;76.6;11.5;32.0;43.5;20.4;7.8;3.7;11.6;20.7;2013-2014
Houston;103.1;39.0;88.0;44.3;8.1;23.0;35.3;17.0;22.5;75.7;11.9;29.7;41.7;22.2;8.6;5.6;13.4;24.3;2013-2014
Sacramento;103.4;37.8;82.1;46.1;8.5;22.4;38.0;19.2;26.1;73.7;9.9;31.3;41.2;23.5;7.8;5.6;13.2;23.1;2013-2014
Milwaukee;103.7;38.4;82.0;46.8;8.5;22.3;38.2;18.4;24.5;75.1;11.7;31.8;43.5;22.8;7.8;5.0;13.6;20.6;2013-2014
Minnesota ;104.3;40.5;86.0;47.1;8.1;22.2;36.4;15.2;20.1;75.6;11.1;33.1;44.2;22.9;7.9;5.6;16.0;23.6;2013-2014
Detroit;104.7;39.1;83.2;47.0;8.3;22.8;36.5;18.1;24.0;75.6;11.1;31.9;43.0;24.4;8.2;4.9;14.4;20.7;2013-2014
Denver;106.5;39.5;86.4;45.7;7.4;21.0;35.1;20.2;26.4;76.3;11.3;32.5;43.8;22.5;8.5;5.6;13.9;21.7;2013-2014
L.A. Lakers;109.2;42.0;89.6;46.8;8.1;22.5;36.1;17.2;23.7;72.7;13.0;36.0;49.0;25.8;9.6;4.7;13.5;19.3;2013-2014
Philadelphia;109.9;40.0;85.1;47.1;9.0;24.4;37.0;20.8;27.6;75.4;11.9;35.0;46.9;26.1;9.0;6.8;16.2;20.6;2013-2014
Memphis ;89.3;33.5;77.0;43.5;6.1;18.2;33.8;16.1;21.5;74.8;10.3;28.8;39.1;19.5;7.3;5.5;14.7;20.0;2012-2013
Indiana ;90.7;34.5;82.2;42.0;5.4;16.6;32.7;16.2;21.3;76.0;11.2;29.6;40.9;19.2;7.5;5.7;13.0;21.9;2012-2013
Chicago;92.9;35.4;80.1;44.3;5.5;16.0;34.6;16.5;22.3;73.9;11.0;30.1;41.1;18.8;7.3;5.8;13.1;19.6;2012-2013
L.A. Clippers;94.6;34.6;78.0;44.3;7.6;20.5;37.3;17.9;23.9;74.9;10.9;28.2;39.1;22.1;7.4;4.1;15.4;20.9;2012-2013
Miami;95.0;35.6;80.9;44.0;7.6;21.7;35.0;16.2;21.2;76.6;11.2;28.9;40.1;20.2;7.9;3.2;14.7;20.4;2012-2013
Brooklyn;95.1;37.4;80.7;46.4;6.3;17.3;36.6;14.0;19.2;73.1;10.7;28.5;39.2;21.4;7.5;4.8;13.0;21.4;2012-2013
New York;95.7;35.6;77.6;45.8;7.8;21.8;35.7;16.8;22.2;75.7;10.0;31.6;41.6;19.3;6.4;4.0;14.5;19.2;2012-2013
Washington;95.8;35.9;81.7;44.0;7.1;20.5;34.9;16.8;22.8;73.8;11.0;33.2;44.2;21.5;7.8;4.4;13.9;19.1;2012-2013
Philadelphia;96.5;36.8;81.0;45.4;6.7;19.2;34.9;16.2;21.4;76.0;11.0;33.0;44.0;22.8;7.2;4.8;13.8;16.2;2012-2013
Oklahoma City;96.5;36.2;85.0;42.5;7.4;21.5;34.6;16.7;21.6;77.4;12.0;28.7;40.7;20.5;8.2;3.9;14.2;20.7;2012-2013
San Antonio ;96.6;37.5;84.9;44.2;6.3;17.9;35.3;15.2;20.0;76.0;11.1;31.4;42.5;21.4;8.2;4.9;14.3;19.1;2012-2013
Boston;96.7;36.1;82.0;44.1;6.8;19.9;34.2;17.7;23.9;74.0;11.4;32.1;43.6;21.6;7.8;4.7;14.4;19.4;2012-2013
Atlanta;97.5;37.5;83.2;45.0;7.6;19.9;37.9;15.0;19.7;76.3;11.3;32.4;43.7;22.3;8.4;4.3;14.6;18.8;2012-2013
New Orleans;97.9;37.0;78.5;47.1;7.7;20.6;37.4;16.3;21.5;75.9;10.2;29.2;39.3;23.4;7.9;6.0;12.7;18.7;2012-2013
Minnesota ;98.1;38.0;81.2;46.8;7.0;19.0;36.9;15.2;20.1;75.2;10.6;31.5;42.1;22.3;8.1;5.9;15.3;22.5;2012-2013
Utah ;98.1;36.6;79.9;45.8;6.8;18.5;37.0;18.0;23.8;75.7;11.0;29.8;40.8;20.6;7.8;5.9;14.1;20.4;2012-2013
Toronto ;98.7;36.2;79.2;45.8;6.7;18.4;36.1;19.6;26.2;74.7;10.7;31.0;41.7;21.9;7.0;4.7;13.7;20.1;2012-2013
Detroit;98.8;37.3;81.2;45.9;7.4;20.4;36.0;16.9;22.2;76.2;11.1;30.7;41.8;22.4;8.4;5.8;13.1;19.9;2012-2013
Golden State;100.3;37.2;84.8;43.9;8.0;23.1;34.7;17.9;23.9;74.8;11.1;31.7;42.7;23.5;8.2;4.9;12.9;19.2;2012-2013
Milwaukee;100.4;38.4;84.7;45.4;6.5;18.5;34.8;17.0;22.5;75.9;12.4;33.6;46.0;23.1;8.0;4.4;15.3;19.1;2012-2013
Portland ;100.7;39.3;83.0;47.4;6.4;18.7;34.0;15.7;20.6;76.1;11.0;31.4;42.4;23.7;8.4;4.4;12.7;18.7;2012-2013
L.A. Lakers;101.0;39.7;87.6;45.3;7.5;21.0;35.7;14.2;19.4;73.2;11.5;31.1;42.7;23.4;8.5;4.8;12.4;23.1;2012-2013
Denver;101.1;38.1;85.7;44.4;8.4;23.1;36.3;16.6;22.7;73.1;12.4;29.2;41.6;23.6;8.0;6.8;15.2;21.6;2012-2013
Orlando ;101.1;38.6;83.4;46.3;7.5;21.0;35.9;16.3;22.1;73.8;10.8;31.9;42.8;23.7;7.2;5.2;12.1;16.5;2012-2013
Cleveland ;101.2;37.9;79.6;47.6;7.4;20.0;37.2;17.9;24.2;73.9;10.8;31.3;42.1;23.9;7.6;6.8;14.7;19.7;2012-2013
Phoenix;101.6;38.8;82.6;47.0;6.9;17.9;38.8;17.1;22.6;75.7;11.7;31.7;43.4;22.8;8.3;5.1;14.8;18.4;2012-2013
Dallas;101.7;37.4;84.0;44.5;7.8;21.8;35.9;19.1;25.4;75.3;12.0;33.6;45.6;22.0;8.5;4.1;14.0;18.9;2012-2013
Houston;102.5;38.8;85.5;45.4;8.1;21.9;36.7;16.8;21.6;77.6;10.7;31.0;41.6;22.7;8.5;6.1;14.2;20.4;2012-2013
Charlotte ;102.7;38.8;82.5;47.1;8.7;22.5;38.8;16.2;21.8;74.7;11.8;32.3;44.1;25.3;6.9;6.9;13.6;21.3;2012-2013
Sacramento;105.1;39.3;83.3;47.2;7.6;21.5;35.5;18.9;24.1;78.3;11.9;31.7;43.6;25.1;7.6;6.3;14.1;20.0;2012-2013
Chicago;88.2;34.6;82.1;42.1;4.6;14.2;32.5;14.3;19.4;74.0;11.4;28.6;40.0;18.9;7.4;5.2;13.3;17.7;2011-2012
Boston;89.3;33.4;79.7;41.9;5.2;16.9;30.8;17.2;22.7;76.0;11.8;31.4;43.2;18.7;7.8;4.6;15.7;18.4;2011-2012
Philadelphia;89.4;34.3;80.3;42.7;5.4;16.2;33.4;15.4;20.5;75.2;10.7;33.0;43.7;19.6;5.9;4.8;13.9;16.2;2011-2012
Miami;92.5;34.6;79.8;43.4;7.3;20.0;36.3;16.0;22.1;72.5;11.0;28.7;39.8;19.7;8.3;4.2;16.8;20.5;2011-2012
Memphis ;93.0;34.5;77.8;44.4;6.3;18.3;34.5;17.6;23.1;76.4;11.0;29.6;40.7;19.3;7.8;5.5;17.1;19.3;2011-2012
Atlanta;93.2;36.1;81.3;44.4;5.9;17.2;34.4;15.1;20.1;75.3;10.8;31.5;42.3;20.5;7.5;4.7;15.1;19.1;2011-2012
Orlando ;93.4;35.9;80.1;44.9;6.3;18.1;34.7;15.2;19.7;77.2;10.1;31.2;41.3;20.5;7.5;4.1;13.1;19.8;2011-2012
New Orleans;93.4;34.9;78.6;44.4;6.4;20.3;31.7;17.1;22.5;75.9;11.1;28.9;40.0;20.9;7.9;5.8;13.9;18.7;2011-2012
Toronto ;94.0;33.8;77.7;43.5;6.1;18.5;32.8;20.2;27.2;74.4;10.3;30.3;40.5;20.1;7.2;4.9;13.2;18.4;2011-2012
Indiana ;94.4;34.9;80.4;43.5;6.7;19.1;35.1;17.9;24.5;72.9;12.0;30.3;42.3;19.6;6.6;6.0;14.9;21.6;2011-2012
New York;94.7;35.1;79.4;44.2;6.7;18.8;35.9;17.7;24.1;73.6;10.9;31.0;41.8;18.9;8.1;5.1;17.0;21.8;2011-2012
Dallas;94.8;35.6;81.7;43.5;7.2;20.7;34.6;16.5;22.1;75.0;11.0;32.9;43.9;20.5;8.5;4.0;14.7;18.4;2011-2012
L.A. Clippers;95.0;34.5;77.2;44.7;7.0;19.1;36.5;19.0;25.4;74.6;10.8;29.0;39.8;20.7;6.0;4.5;14.6;21.2;2011-2012
Detroit;95.7;36.0;78.0;46.2;6.0;16.9;35.5;17.6;23.0;76.5;10.7;30.1;40.7;22.5;8.5;5.3;14.5;19.4;2011-2012
L.A. Lakers;95.9;37.8;86.4;43.7;6.7;19.3;34.8;13.7;18.4;74.2;11.5;29.5;41.0;21.9;8.4;4.6;11.3;20.2;2011-2012
San Antonio ;96.5;38.1;84.2;45.2;6.2;17.7;35.3;14.1;18.7;75.6;10.3;30.9;41.2;19.6;7.4;5.0;13.7;18.8;2011-2012
Oklahoma City;96.9;36.4;85.3;42.7;6.4;18.7;34.2;17.7;23.0;76.8;12.7;28.6;41.3;19.9;8.2;4.9;14.2;20.0;2011-2012
Portland ;97.8;37.5;81.0;46.3;6.7;18.4;36.3;16.1;21.5;74.7;11.1;31.2;42.3;21.1;7.6;4.8;14.9;19.8;2011-2012
Houston;97.9;37.5;82.2;45.6;5.6;17.2;32.5;17.3;22.6;76.6;11.0;30.7;41.8;20.0;7.5;5.2;14.7;18.4;2011-2012
Washington;98.4;36.7;81.1;45.3;6.5;18.4;35.0;18.6;24.5;75.8;12.3;31.2;43.5;21.5;7.9;4.5;15.2;18.7;2011-2012
Phoenix;98.6;38.0;83.5;45.5;6.0;17.1;35.2;16.7;21.9;76.2;12.2;31.3;43.4;21.5;8.0;4.4;14.1;19.6;2011-2012
Milwaukee;98.7;37.1;82.6;44.9;6.6;18.9;35.1;17.9;23.3;76.9;12.3;32.4;44.7;21.7;7.6;4.5;15.9;19.4;2011-2012
Utah ;99.0;36.4;80.5;45.3;6.5;19.1;34.0;19.7;26.2;75.4;11.0;30.1;41.2;20.5;7.5;5.7;14.7;20.7;2011-2012
New Jersey ;99.1;37.9;80.2;47.2;6.5;17.4;37.4;16.8;22.6;74.0;11.8;30.8;42.6;23.3;8.0;5.0;14.3;19.3;2011-2012
Minnesota ;100.1;39.0;85.7;45.5;6.2;18.1;34.0;16.0;21.2;75.5;11.7;31.8;43.4;21.5;8.3;5.7;13.3;21.7;2011-2012
Cleveland ;100.2;38.4;82.3;46.7;6.8;18.7;36.2;16.6;22.2;74.8;11.4;31.4;42.8;23.1;7.9;6.2;13.9;20.9;2011-2012
Charlotte ;100.9;38.9;82.0;47.5;6.2;17.3;35.6;16.9;22.5;75.0;11.8;33.2;45.0;23.3;7.6;5.7;13.5;20.3;2011-2012
Golden State;101.2;37.3;82.3;45.3;7.1;19.4;36.5;19.5;26.1;74.7;13.2;32.7;45.8;23.1;7.6;5.0;14.8;16.6;2011-2012
Denver;101.2;38.5;84.4;45.6;8.7;22.6;38.3;15.6;20.5;75.9;11.1;29.2;40.3;23.2;7.9;6.7;15.6;22.0;2011-2012
Sacramento;104.4;40.4;85.0;47.6;6.7;18.7;35.5;16.9;22.2;76.2;12.3;32.6;45.0;23.8;7.8;6.4;15.4;19.9;2011-2012
Boston;91.1;33.8;77.7;43.4;5.4;15.9;34.0;18.2;24.1;75.6;10.5;29.1;39.6;18.7;7.0;4.4;15.4;20.2;2010-2011
Chicago;91.3;34.2;79.5;43.0;5.2;16.0;32.6;17.7;23.1;76.4;10.1;28.3;38.4;19.0;6.9;5.8;14.1;20.1;2010-2011
Milwaukee;92.7;34.6;77.3;44.7;5.3;16.0;33.4;18.3;23.7;77.0;10.2;32.1;42.3;20.2;6.2;4.8;15.2;20.7;2010-2011
Orlando ;93.7;34.9;80.1;43.6;6.3;18.0;35.0;17.6;23.7;74.3;9.8;29.9;39.7;20.1;7.4;3.8;13.9;21.8;2010-2011
New Orleans;94.0;35.1;76.9;45.7;6.8;19.0;35.7;17.0;22.0;77.0;9.4;30.0;39.3;21.2;6.1;4.8;14.5;20.4;2010-2011
Miami;94.6;35.0;80.7;43.4;6.7;19.3;34.5;18.0;24.1;74.4;10.5;28.6;39.2;20.1;7.0;3.0;13.2;21.8;2010-2011
Portland ;94.8;35.4;75.8;46.7;6.5;17.6;36.7;17.5;22.8;76.7;10.6;29.1;39.7;19.2;6.9;4.1;15.7;21.3;2010-2011
L.A. Lakers;95.4;36.7;84.0;43.7;6.8;20.3;33.5;15.2;19.9;76.5;12.2;29.3;41.5;22.3;7.1;4.5;13.6;20.7;2010-2011
Atlanta;95.8;36.7;79.7;46.0;5.6;16.6;33.8;16.8;21.7;77.4;10.2;30.3;40.6;21.4;6.7;4.2;12.5;18.5;2010-2011
Dallas;96.0;36.5;81.2;45.0;6.2;18.0;34.3;16.7;22.3;75.0;10.7;30.0;40.7;20.6;7.6;3.7;13.6;20.1;2010-2011
Charlotte ;97.3;36.0;79.2;45.5;7.0;19.6;35.9;18.2;23.3;78.0;9.8;29.8;39.6;21.7;7.3;6.0;13.2;21.1;2010-2011
Philadelphia;97.5;36.5;81.0;45.1;5.7;16.8;34.0;18.7;24.2;77.3;10.7;31.8;42.5;21.5;7.1;4.6;14.2;18.8;2010-2011
Memphis ;97.6;36.2;79.1;45.7;7.2;19.4;36.9;18.1;23.8;76.1;11.0;29.1;40.1;21.0;7.5;6.2;16.7;21.4;2010-2011
San Antonio ;98.0;38.1;83.7;45.6;5.8;15.9;36.7;15.9;20.7;76.6;10.8;30.4;41.2;20.5;6.9;4.6;13.4;20.7;2010-2011
New Jersey ;100.4;37.4;80.5;46.5;6.2;17.0;36.4;19.4;25.8;75.1;10.4;31.4;41.8;22.2;6.8;4.6;12.3;20.0;2010-2011
Detroit;100.6;37.9;78.1;48.6;6.4;17.8;35.8;18.3;23.9;76.6;10.6;30.1;40.7;23.3;6.9;4.6;14.1;18.8;2010-2011
Indiana ;100.9;37.5;83.4;44.9;6.2;17.4;35.9;19.7;26.3;75.0;11.4;31.9;43.3;20.4;7.5;5.7;13.9;21.4;2010-2011
Oklahoma City;101.0;38.1;83.2;45.8;5.9;16.3;36.1;19.0;25.5;74.4;11.4;29.2;40.6;20.9;7.2;4.3;14.0;21.5;2010-2011
Utah ;101.3;36.2;78.8;45.9;7.2;19.2;37.6;21.7;27.9;77.8;11.3;29.6;40.9;20.7;7.4;5.0;14.6;22.0;2010-2011
L.A. Clippers;101.8;37.1;81.6;45.5;7.1;19.5;36.5;20.4;26.4;77.1;11.1;29.4;40.5;22.3;8.0;4.9;13.7;22.1;2010-2011
Denver;102.7;38.5;83.9;45.9;7.0;20.4;34.4;18.8;24.8;75.6;10.5;30.8;41.3;22.2;7.5;6.0;13.7;22.7;2010-2011
Houston;103.7;39.8;85.1;46.8;5.5;15.2;35.8;18.6;23.8;78.1;11.6;31.1;42.8;20.8;7.2;5.5;13.7;21.4;2010-2011
Cleveland ;104.5;39.4;83.0;47.5;8.1;19.7;41.1;17.5;23.1;75.9;10.9;32.6;43.5;24.2;7.5;6.0;13.5;21.3;2010-2011
Washington;104.7;38.7;82.2;47.1;6.8;18.3;37.3;20.4;26.9;76.1;12.1;31.8;43.9;23.1;7.6;5.0;15.8;20.3;2010-2011
Sacramento;104.7;39.8;83.2;47.8;5.9;16.5;35.5;19.4;25.4;76.2;10.6;30.6;41.2;21.7;8.1;5.7;14.7;21.0;2010-2011
Toronto ;105.4;39.2;81.3;48.2;6.6;17.5;37.6;20.4;26.5;76.9;11.1;30.0;41.1;22.6;7.6;5.6;13.9;19.8;2010-2011
Golden State;105.7;38.7;82.8;46.7;6.9;19.3;35.8;21.4;27.6;77.6;12.8;32.0;44.8;24.7;8.2;4.3;16.1;18.4;2010-2011
New York;105.7;39.5;83.8;47.2;6.5;17.6;37.2;20.1;26.4;76.2;11.8;32.3;44.0;20.5;7.1;4.4;15.2;20.8;2010-2011
Phoenix;105.9;40.4;85.6;47.2;7.1;19.5;36.7;18.1;24.0;75.4;12.0;32.3;44.3;23.0;7.9;4.3;14.5;21.2;2010-2011
Minnesota ;107.7;39.4;84.2;46.8;7.8;20.8;37.4;21.1;27.2;77.8;11.1;31.4;42.6;24.8;9.5;5.5;14.4;20.9;2010-2011
Charlotte ;93.8;35.7;79.7;44.8;7.0;20.7;33.8;15.5;20.9;74.3;10.6;29.0;39.6;20.3;7.5;6.1;15.3;22.0;2009-2010
Miami;94.2;34.3;78.1;43.9;6.4;18.7;34.2;19.2;25.5;75.4;10.4;30.3;40.7;18.8;6.3;4.3;14.4;20.0;2009-2010
Portland ;94.8;36.0;77.5;46.4;5.9;17.1;34.3;17.0;22.8;74.5;9.8;28.3;38.1;19.3;5.9;4.1;13.5;21.5;2009-2010
Orlando ;95.3;36.0;82.2;43.8;6.4;17.5;36.3;16.8;22.3;75.4;9.8;30.3;40.0;18.9;6.7;3.5;12.8;22.2;2009-2010
Boston;95.6;35.1;77.9;45.1;5.7;16.8;34.2;19.6;26.2;74.6;10.6;29.5;40.1;19.3;7.0;4.7;15.6;21.7;2009-2010
Cleveland ;95.6;35.8;80.9;44.2;6.4;18.4;34.7;17.6;23.3;75.7;9.7;28.9;38.5;20.3;6.6;4.0;12.7;20.8;2009-2010
Milwaukee;96.0;35.0;77.6;45.1;5.3;15.6;34.3;20.6;27.0;76.5;9.6;33.2;42.8;19.3;7.0;5.1;15.3;20.3;2009-2010
San Antonio ;96.3;36.9;81.6;45.2;5.0;14.6;34.3;17.5;23.1;75.6;9.9;29.6;39.5;19.2;6.9;5.1;12.6;20.4;2009-2010
L.A. Lakers;97.0;37.2;83.4;44.6;6.3;19.3;32.8;16.2;21.7;75.0;11.1;31.0;42.2;21.9;7.0;4.4;14.1;21.2;2009-2010
Atlanta;97.0;37.2;80.8;46.0;5.9;17.0;34.5;16.8;22.6;74.5;11.2;30.1;41.4;21.0;6.2;4.4;13.8;19.3;2009-2010
Oklahoma City;98.0;36.7;81.9;44.8;5.9;17.2;34.0;18.8;24.6;76.4;11.4;29.2;40.7;19.7;7.5;4.7;15.1;21.4;2009-2010
Utah ;98.9;35.5;78.9;44.9;6.7;19.0;35.4;21.2;27.9;76.2;10.2;29.0;39.2;19.9;7.7;5.4;15.1;22.2;2009-2010
Chicago;99.1;37.1;84.0;44.2;7.1;20.5;34.8;17.8;23.9;74.4;11.2;31.6;42.7;20.9;7.0;5.3;13.3;20.0;2009-2010
Detroit;99.1;36.2;75.3;48.0;6.9;18.5;37.5;19.9;25.9;76.7;9.9;29.5;39.4;23.1;6.7;4.9;14.3;20.8;2009-2010
Dallas;99.3;37.9;83.0;45.7;6.4;18.5;34.7;17.1;22.5;75.8;11.2;31.6;42.9;20.2;6.9;4.1;14.6;20.1;2009-2010
Washington;101.0;37.6;81.3;46.3;6.4;17.9;36.0;19.4;25.5;76.1;11.4;30.9;42.3;21.6;6.9;5.1;13.6;20.5;2009-2010
New Jersey ;101.5;38.7;80.4;48.1;5.7;15.6;36.6;18.4;24.6;74.8;11.3;32.7;44.0;23.9;7.8;5.1;14.0;20.1;2009-2010
Philadelphia;101.6;37.9;80.2;47.2;7.4;18.8;39.3;18.5;24.2;76.6;10.8;30.1;41.0;22.1;7.6;4.0;14.5;18.7;2009-2010
L.A. Clippers;102.1;38.9;82.8;47.0;6.5;17.8;36.3;17.7;23.3;76.2;10.7;30.4;41.1;23.5;8.4;4.4;12.9;19.4;2009-2010
Denver;102.4;37.7;82.5;45.6;6.4;18.3;34.9;20.7;26.9;76.8;11.6;30.6;42.3;21.0;7.0;5.3;15.1;23.7;2009-2010
New Orleans;102.7;39.6;82.1;48.3;6.6;18.5;35.5;16.9;22.5;75.1;10.6;31.5;42.1;23.5;7.0;4.5;14.4;19.5;2009-2010
Houston;102.7;39.5;83.0;47.5;6.0;16.4;36.4;17.9;23.4;76.4;10.7;32.1;42.8;20.9;7.3;6.5;14.7;22.4;2009-2010
Indiana ;103.8;38.0;83.8;45.3;6.2;17.1;36.3;21.6;28.6;75.6;11.8;34.8;46.6;20.7;8.0;5.0;15.0;20.8;2009-2010
Memphis ;104.0;40.0;83.5;47.8;7.0;19.7;35.4;17.1;22.7;75.5;11.1;28.6;39.7;22.9;7.7;6.1;14.2;22.4;2009-2010
Sacramento;104.4;39.0;83.3;46.9;6.1;17.0;35.7;20.3;26.2;77.4;11.1;31.0;42.0;20.5;7.1;5.7;13.7;20.1;2009-2010
Phoenix;105.3;39.5;87.4;45.2;6.8;19.3;35.5;19.6;25.8;76.0;13.2;29.2;42.3;20.8;7.9;4.5;13.0;21.8;2009-2010
Toronto ;105.9;39.0;83.2;46.8;7.4;20.3;36.6;20.5;26.2;78.4;11.4;29.9;41.3;23.0;7.1;4.4;12.7;21.1;2009-2010
New York;105.9;40.9;84.2;48.6;6.7;19.2;35.2;17.4;23.1;75.4;11.7;33.2;44.9;21.0;7.1;4.5;14.4;19.2;2009-2010
Minnesota ;107.8;40.8;84.9;48.0;7.5;20.6;36.6;18.7;24.2;77.4;11.2;32.2;43.4;25.6;8.8;5.4;14.3;20.6;2009-2010
Golden State;112.4;41.6;85.8;48.5;6.9;18.5;37.5;22.3;29.1;76.7;13.4;34.7;48.1;24.1;7.9;5.0;17.6;21.4;2009-2010
Cleveland ;91.4;33.8;78.6;43.1;5.9;17.6;33.3;17.8;23.1;77.0;10.7;28.2;38.9;19.1;6.3;4.1;13.9;20.3;2008-2009
San Antonio ;93.3;36.3;80.1;45.3;5.5;14.4;37.9;15.3;19.9;76.9;9.1;31.3;40.4;18.1;6.5;4.3;11.7;18.4;2008-2009
Boston;93.4;33.7;78.3;43.1;6.2;17.7;34.9;19.8;25.7;77.1;10.2;27.4;37.6;18.9;7.1;4.7;14.6;22.2;2008-2009
Portland ;94.1;35.4;76.9;46.0;5.9;15.9;37.4;17.4;21.7;80.3;9.6;26.7;36.3;19.4;6.3;3.9;13.2;21.1;2008-2009
New Orleans;94.3;34.8;77.2;45.0;7.0;19.8;35.4;17.7;22.9;77.3;10.0;30.0;40.0;20.1;5.8;3.5;13.3;20.4;2008-2009
Orlando ;94.4;35.8;82.7;43.3;5.4;15.8;34.2;17.3;23.0;75.5;10.5;31.6;42.1;18.1;6.9;3.8;13.1;22.4;2008-2009
Houston;94.4;36.5;82.1;44.4;5.7;15.8;35.7;15.8;21.1;74.9;10.6;29.3;39.9;19.8;7.2;5.3;12.3;20.6;2008-2009
Detroit;94.7;35.1;77.8;45.1;5.3;15.0;35.4;19.3;24.9;77.5;10.5;29.9;40.4;20.1;5.6;4.2;11.8;19.7;2008-2009
Charlotte ;94.9;35.2;77.4;45.4;6.8;18.6;36.6;17.8;23.5;75.6;10.7;28.2;38.9;19.6;7.6;6.0;14.7;20.9;2008-2009
Atlanta;96.5;36.6;80.6;45.4;6.4;18.2;35.3;16.9;22.0;76.9;11.6;30.3;41.9;20.8;6.5;4.3;13.7;20.5;2008-2009
Philadelphia;97.3;36.5;79.1;46.2;7.1;19.5;36.7;17.1;21.9;78.2;11.4;27.9;39.3;21.9;7.0;4.9;15.6;21.8;2008-2009
Miami;98.0;35.6;78.2;45.5;7.2;18.5;38.9;19.6;25.4;77.1;10.9;30.9;41.9;20.1;6.4;4.1;15.2;19.9;2008-2009
L.A. Lakers;99.3;37.2;83.2;44.7;7.1;20.7;34.5;17.7;23.5;75.3;11.7;29.8;41.5;22.6;7.7;4.8;15.5;22.1;2008-2009
Memphis ;99.3;36.8;77.8;47.3;6.5;18.4;35.5;19.2;24.9;77.0;10.3;29.6;39.9;21.2;7.7;5.4;14.6;21.8;2008-2009
Dallas;99.8;37.5;82.3;45.5;6.3;16.8;37.5;18.6;23.3;79.8;10.8;30.6;41.4;19.6;7.2;4.1;13.0;20.1;2008-2009
Milwaukee;100.4;34.8;76.0;45.8;6.9;18.1;37.8;23.9;30.2;79.1;10.1;30.8;41.0;21.1;7.5;4.6;16.5;22.5;2008-2009
New Jersey ;100.5;36.0;77.9;46.2;7.3;18.7;39.1;21.2;27.8;76.2;10.6;30.8;41.4;21.9;6.9;4.8;13.5;20.5;2008-2009
Utah ;100.9;36.8;79.4;46.4;6.5;18.0;36.1;20.8;27.2;76.3;11.1;29.2;40.3;20.0;8.0;5.2;16.1;24.0;2008-2009
Denver;100.9;36.2;82.2;44.0;7.3;20.0;36.6;21.2;27.2;78.2;12.1;29.2;41.2;21.4;7.9;5.5;15.4;23.7;2008-2009
Toronto ;101.9;38.7;83.3;46.5;7.7;20.9;36.7;16.8;21.5;78.4;10.9;31.0;41.9;23.0;6.4;4.7;13.3;20.1;2008-2009
Chicago;102.5;38.3;83.7;45.8;5.9;17.1;34.7;19.9;25.3;78.6;12.4;30.4;42.8;21.0;7.6;5.5;14.4;20.8;2008-2009
Minnesota ;102.7;37.9;80.0;47.4;6.5;17.3;37.7;20.3;26.2;77.8;9.9;31.0;40.9;21.5;7.4;5.9;12.5;20.0;2008-2009
Oklahoma City;103.1;39.4;82.9;47.5;6.4;17.5;36.4;17.9;23.5;76.1;10.8;30.4;41.2;21.6;8.5;5.0;13.9;20.2;2008-2009
Washington;103.5;38.6;80.1;48.2;8.2;21.2;38.7;18.1;23.9;75.9;11.4;30.4;41.8;24.6;7.2;5.3;13.9;20.0;2008-2009
L.A. Clippers;103.9;39.2;83.0;47.3;6.5;17.5;37.5;18.9;24.8;76.0;11.7;32.4;44.1;23.8;8.0;5.0;13.3;19.6;2008-2009
Indiana ;106.2;38.3;83.7;45.8;6.9;18.5;37.5;22.6;29.6;76.4;11.1;33.0;44.1;21.1;7.7;5.4;14.0;20.6;2008-2009
Phoenix;107.5;40.0;85.7;46.7;7.6;19.9;38.3;19.9;25.7;77.5;12.1;28.7;40.8;21.2;8.6;4.5;14.2;22.9;2008-2009
New York;107.8;41.2;85.9;48.0;7.0;19.8;35.1;18.5;24.4;75.8;11.6;34.5;46.1;21.6;8.0;5.3;14.5;19.4;2008-2009
Sacramento;109.3;40.0;82.8;48.3;7.1;17.4;40.6;22.2;29.4;75.6;12.4;31.6;44.0;21.9;8.6;5.2;14.4;21.2;2008-2009
Golden State;112.3;41.5;88.7;46.8;7.1;18.7;38.0;22.3;28.6;77.9;14.2;32.9;47.1;24.1;7.9;5.0;15.0;23.5;2008-2009
Detroit;90.1;33.3;76.1;43.7;5.0;15.0;33.2;18.6;25.0;74.4;10.5;28.6;39.1;19.1;5.8;3.9;13.5;19.7;2007-2008
Boston;90.3;32.4;77.3;41.9;5.9;18.7;31.6;19.6;26.3;74.3;11.0;27.9;38.9;18.8;7.2;4.7;16.0;22.2;2007-2008
San Antonio ;90.6;34.8;78.4;44.4;5.1;15.0;34.2;15.8;20.9;75.6;9.5;30.8;40.3;18.2;6.9;4.4;12.9;19.8;2007-2008
Houston;92.0;34.8;80.4;43.3;5.3;14.5;36.5;17.2;23.3;73.7;10.9;29.8;40.7;18.9;7.6;4.6;13.3;19.7;2007-2008
New Orleans;95.6;37.0;80.5;46.0;6.6;18.9;35.1;14.8;19.3;77.1;9.9;30.9;40.8;21.7;5.7;4.0;13.9;19.2;2007-2008
Dallas;95.9;35.4;79.9;44.3;5.0;14.2;34.9;20.1;26.4;76.0;10.8;29.5;40.3;18.9;6.5;4.4;12.2;21.2;2007-2008
Philadelphia;96.2;36.6;79.3;46.1;6.8;18.9;36.0;16.2;21.0;77.2;11.3;28.0;39.2;23.2;6.7;5.1;15.7;20.8;2007-2008
Portland ;96.3;36.4;80.7;45.1;6.5;18.3;35.6;17.1;22.3;76.6;11.7;30.1;41.7;20.9;6.0;3.7;12.5;20.2;2007-2008
Cleveland ;96.7;35.8;78.8;45.5;6.2;17.3;35.7;18.9;25.2;74.8;9.9;30.5;40.4;21.0;6.8;4.7;13.3;20.3;2007-2008
Toronto ;97.3;36.7;80.1;45.8;7.5;20.5;36.8;16.4;21.1;77.6;10.1;31.5;41.6;21.9;5.7;4.1;14.0;18.4;2007-2008
Orlando ;99.0;37.3;83.6;44.6;6.3;17.6;35.8;18.2;24.1;75.4;11.0;30.7;41.7;21.5;7.1;4.2;13.2;23.1;2007-2008
Washington;99.2;36.8;79.7;46.1;8.3;21.6;38.6;17.3;22.9;75.4;11.0;30.2;41.2;23.9;6.5;4.4;14.0;20.2;2007-2008
Utah ;99.3;35.3;76.7;46.1;6.2;17.3;35.7;22.5;30.1;74.9;10.3;27.5;37.8;19.9;7.5;5.1;15.9;23.1;2007-2008
Miami;100.0;36.9;79.0;46.8;6.7;18.3;36.9;19.4;25.7;75.5;11.2;31.9;43.1;22.2;7.7;4.2;14.2;20.1;2007-2008
Atlanta;100.0;38.0;82.1;46.3;6.2;17.2;36.2;17.8;23.7;75.2;11.8;29.1;40.9;22.3;7.5;5.1;13.7;21.9;2007-2008
Chicago;100.4;36.4;80.3;45.3;7.0;18.6;37.5;20.7;27.0;76.6;11.1;31.5;42.6;21.9;7.9;5.7;15.3;21.3;2007-2008
New Jersey ;100.9;36.4;79.8;45.6;6.5;17.7;36.9;21.6;28.2;76.8;10.9;30.7;41.6;22.1;8.1;4.4;13.4;22.4;2007-2008
L.A. Clippers;101.1;38.0;81.3;46.7;5.9;17.0;34.9;19.2;25.6;75.1;11.2;32.4;43.6;22.4;7.2;4.7;13.6;21.6;2007-2008
L.A. Lakers;101.3;38.1;85.6;44.5;6.8;18.7;36.2;18.3;24.3;75.2;12.0;30.7;42.8;21.9;7.7;4.5;14.2;22.6;2007-2008
Charlotte ;101.4;38.0;81.5;46.6;6.3;17.8;35.5;19.2;25.6;74.7;12.2;31.6;43.7;21.8;7.6;5.8;14.4;21.0;2007-2008
Minnesota ;102.4;37.3;79.0;47.2;6.6;18.5;35.7;21.2;27.6;76.9;10.6;31.0;41.7;23.2;7.4;5.7;13.5;17.5;2007-2008
New York;103.5;38.8;81.8;47.4;7.2;19.4;36.9;18.7;25.3;73.9;11.3;31.4;42.6;21.6;7.6;5.2;12.8;20.3;2007-2008
Milwaukee;103.9;38.4;80.0;48.0;7.2;18.7;38.4;20.0;26.1;76.6;10.6;30.0;40.7;23.3;7.9;4.9;13.7;21.1;2007-2008
Sacramento;104.8;38.3;82.1;46.6;7.3;19.5;37.3;21.0;27.9;75.3;11.8;30.1;41.9;22.9;8.1;5.5;15.2;23.1;2007-2008
Phoenix;105.0;41.1;90.0;45.6;5.7;16.2;35.3;17.2;22.9;74.9;13.4;30.5;43.9;19.6;7.3;3.8;13.4;21.1;2007-2008
Indiana ;105.4;37.7;83.1;45.4;7.4;19.2;38.6;22.6;29.8;75.7;11.3;34.1;45.5;22.2;8.1;5.1;15.8;21.7;2007-2008
Seattle ;106.3;40.1;87.0;46.1;7.4;19.2;38.5;18.7;25.0;74.9;11.7;32.4;44.1;24.4;8.6;5.4;13.2;19.6;2007-2008
Memphis ;106.9;41.4;86.3;48.0;7.2;19.8;36.4;16.9;21.8;77.4;11.4;33.2;44.5;23.9;8.7;4.9;13.4;22.5;2007-2008
Denver;107.0;40.7;89.1;45.7;7.6;20.9;36.3;18.1;24.7;73.0;12.7;32.7;45.4;25.7;7.9;4.8;16.4;23.8;2007-2008
Golden State;108.8;39.9;85.3;46.8;7.0;19.0;36.8;22.0;29.0;75.9;12.8;34.2;47.0;23.6;6.9;5.0;16.9;21.2;2007-2008
San Antonio ;90.1;34.9;78.8;44.3;4.5;13.4;33.4;15.9;21.4;74.0;10.1;29.0;39.1;17.3;7.1;4.1;14.3;21.2;2006-2007
Detroit;91.8;34.4;77.3;44.5;5.0;14.7;33.9;18.1;24.5;74.0;11.9;29.3;41.2;20.1;6.4;3.5;14.7;20.3;2006-2007
Houston;92.1;34.1;79.3;42.9;5.8;16.4;35.1;18.3;24.4;74.8;9.8;31.1;40.8;19.4;7.0;4.3;14.2;19.9;2006-2007
Dallas;92.8;34.0;76.1;44.7;4.6;13.1;34.9;20.2;27.0;74.6;10.2;27.9;38.1;17.9;6.9;3.8;14.5;22.1;2006-2007
Cleveland ;92.9;34.6;77.3;44.8;4.9;15.0;32.9;18.8;25.6;73.4;9.8;30.0;39.9;20.1;6.6;4.3;15.3;22.0;2006-2007
Chicago;93.8;34.1;78.2;43.5;5.9;16.9;34.9;19.7;27.1;73.0;10.9;30.0;40.9;20.4;7.5;5.3;17.4;23.2;2006-2007
Orlando ;94.0;33.4;75.5;44.2;5.6;15.9;35.3;21.6;28.4;76.0;10.5;27.0;37.6;19.6;8.3;4.6;15.0;23.4;2006-2007
Miami;95.5;35.3;79.5;44.4;6.5;18.2;35.5;18.5;24.9;74.2;11.2;30.1;41.3;20.2;6.9;3.8;14.5;21.8;2006-2007
L.A. Clippers;96.1;35.5;78.5;45.2;5.5;16.4;33.9;19.5;26.1;74.8;10.3;29.0;39.3;21.0;7.1;3.9;13.8;22.3;2006-2007
New Orleans;97.1;36.6;80.2;45.7;6.8;19.2;35.5;17.0;22.4;75.9;10.4;30.4;40.8;20.8;6.8;4.8;13.6;21.1;2006-2007
Philadelphia;98.0;37.1;80.1;46.3;6.1;17.4;35.3;17.7;23.5;75.4;11.8;29.3;41.1;22.3;7.4;3.9;15.6;22.0;2006-2007
Indiana ;98.0;35.7;78.2;45.7;5.3;14.3;37.2;21.2;28.2;75.3;11.2;30.5;41.6;20.0;7.9;5.0;15.7;23.7;2006-2007
New Jersey ;98.3;35.5;79.0;45.0;6.3;17.7;35.7;21.0;27.6;76.2;10.6;30.8;41.4;22.0;7.1;4.5;14.5;23.0;2006-2007
Portland ;98.4;36.1;76.7;47.1;5.7;15.8;36.1;20.5;26.3;77.8;10.4;28.6;39.0;20.8;6.6;4.6;13.7;21.3;2006-2007
Atlanta;98.4;36.0;77.3;46.6;5.7;15.1;37.6;20.7;28.2;73.4;11.6;28.9;40.5;21.1;7.3;5.1;15.2;22.6;2006-2007
Toronto ;98.5;37.2;80.4;46.3;6.5;18.2;35.7;17.6;23.3;75.4;10.3;32.2;42.5;21.2;6.0;3.9;15.1;21.8;2006-2007
Utah ;98.6;34.4;75.5;45.5;6.2;17.4;35.5;23.7;30.9;76.7;9.9;27.1;37.0;18.9;7.6;5.3;15.0;24.5;2006-2007
Boston;99.2;36.2;77.3;46.8;5.2;14.8;35.4;21.7;29.0;74.7;10.3;30.2;40.5;22.1;7.4;5.5;15.2;21.4;2006-2007
Minnesota ;99.7;37.5;81.6;46.0;6.3;18.1;34.8;18.4;24.2;76.0;11.7;29.7;41.4;21.7;7.1;4.4;14.2;20.5;2006-2007
New York;100.3;36.8;80.1;46.0;7.0;18.6;37.6;19.7;26.0;75.6;10.8;28.0;38.8;21.3;7.5;5.0;13.7;22.9;2006-2007
Charlotte ;100.6;36.6;78.7;46.5;5.5;15.2;36.3;22.0;29.3;75.0;11.3;31.2;42.6;20.9;7.4;5.3;15.8;21.8;2006-2007
Seattle ;102.0;38.1;80.1;47.6;6.3;17.5;36.1;19.5;25.9;75.1;11.6;29.4;41.0;22.8;7.2;4.2;15.0;19.9;2006-2007
Phoenix;102.9;39.5;86.4;45.7;6.1;16.9;36.3;17.8;23.2;76.7;12.3;30.5;42.8;18.9;6.9;3.7;15.1;21.5;2006-2007
Sacramento;103.1;38.4;81.4;47.2;6.8;18.6;36.5;19.5;25.8;75.7;11.1;32.3;43.4;22.4;7.0;4.9;16.3;24.3;2006-2007
L.A. Lakers;103.4;37.8;81.9;46.1;6.4;17.8;35.8;21.5;28.3;76.0;11.6;30.6;42.2;21.9;7.9;5.0;14.7;23.4;2006-2007
Denver;103.7;39.7;86.4;46.0;6.8;19.1;35.3;17.5;23.7;73.9;12.3;30.0;42.3;24.5;8.3;5.2;16.4;23.7;2006-2007
Milwaukee;104.0;39.0;81.4;48.0;6.9;18.7;36.8;19.1;25.7;74.2;13.0;30.1;43.0;25.3;7.5;5.3;15.7;21.0;2006-2007
Washington;104.9;38.6;81.7;47.3;7.3;19.3;37.7;20.3;26.2;77.7;11.9;31.1;43.0;23.7;6.3;4.6;15.7;23.5;2006-2007
Memphis ;106.7;40.1;82.5;48.6;7.0;18.0;38.9;19.5;25.8;75.9;11.8;30.3;42.0;25.1;8.3;5.5;15.3;24.3;2006-2007
Golden State;106.9;38.7;83.8;46.2;7.4;20.3;36.6;22.1;29.5;75.0;13.1;33.3;46.4;24.7;8.3;4.9;18.6;22.3;2006-2007
Memphis ;88.5;32.8;75.3;43.6;5.0;14.9;33.4;17.9;23.7;75.4;11.3;29.3;40.6;19.6;7.3;5.6;14.8;22.8;2005-2006
San Antonio ;88.8;33.9;78.3;43.3;3.7;10.8;33.9;17.2;23.3;74.0;10.8;29.5;40.3;16.3;7.3;4.2;13.9;20.8;2005-2006
Detroit;90.2;35.5;78.7;45.2;4.0;12.3;32.5;15.1;20.5;73.6;11.6;29.3;40.9;18.8;5.9;3.5;14.0;21.0;2005-2006
Houston;91.7;33.0;77.0;42.9;6.6;17.9;36.9;19.0;26.0;73.1;10.7;30.2;40.9;20.1;7.1;4.5;13.3;20.9;2005-2006
Indiana ;92.0;34.5;79.3;43.5;4.5;13.2;34.3;18.4;25.1;73.3;11.8;29.5;41.3;18.5;8.1;4.9;13.6;22.0;2005-2006
New Jersey ;92.4;33.3;75.9;43.9;5.7;16.3;34.8;20.2;27.2;74.1;9.6;31.7;41.3;20.0;7.2;4.0;14.4;23.0;2005-2006
Dallas;93.1;34.2;77.1;44.3;4.9;13.7;36.1;19.8;26.4;75.2;11.4;26.9;38.3;17.5;6.5;4.9;14.0;23.9;2005-2006
Minnesota ;93.6;34.8;79.0;44.1;5.5;15.0;36.4;18.6;25.3;73.6;11.9;29.4;41.3;19.0;6.6;4.6;13.9;21.2;2005-2006
Utah ;95.0;33.3;74.1;44.9;6.0;15.8;37.8;22.4;30.1;74.6;10.6;27.3;37.9;18.4;8.1;5.6;14.2;25.7;2005-2006
Cleveland ;95.4;36.0;79.0;45.5;5.6;15.7;35.6;17.8;24.0;74.2;9.8;29.5;39.4;20.3;6.6;4.4;13.2;22.5;2005-2006
L.A. Clippers;95.6;35.2;81.0;43.5;5.8;16.7;34.7;19.4;26.5;73.2;10.5;29.7;40.1;21.5;7.0;4.3;12.8;21.7;2005-2006
New Orleans;95.6;35.2;76.7;45.9;6.7;18.1;36.7;18.7;24.6;76.0;10.5;30.5;41.0;19.3;6.4;5.3;14.6;23.3;2005-2006
Orlando ;96.0;35.0;77.2;45.4;5.6;15.7;35.7;20.4;27.9;73.2;11.1;27.3;38.4;20.0;7.5;4.7;13.4;23.2;2005-2006
Miami;96.0;35.0;79.6;44.0;6.0;16.6;36.1;20.0;27.1;73.9;10.1;28.8;38.8;19.5;6.8;3.6;13.0;23.6;2005-2006
L.A. Lakers;96.9;35.9;79.8;45.0;5.8;16.4;35.3;19.3;25.9;74.7;10.9;29.3;40.1;21.1;6.5;4.3;14.1;23.5;2005-2006
Chicago;97.2;33.8;79.5;42.6;6.1;17.4;35.1;23.4;30.1;77.7;10.7;31.0;41.7;20.1;7.5;5.1;15.0;23.0;2005-2006
Sacramento;97.3;37.2;82.0;45.4;5.6;16.0;35.1;17.2;23.1;74.7;11.6;30.5;42.1;21.1;8.0;4.9;14.6;23.0;2005-2006
Portland ;98.3;37.0;78.9;46.8;6.1;15.9;38.1;18.3;24.0;76.0;12.5;29.8;42.4;21.2;7.2;4.9;12.9;20.8;2005-2006
Milwaukee;98.8;36.2;77.8;46.6;6.0;16.9;35.4;20.4;27.3;74.7;10.1;30.2;40.3;22.5;7.4;5.0;14.4;23.6;2005-2006
Boston;99.5;35.9;78.8;45.6;5.4;15.4;35.3;22.3;30.0;74.3;11.1;28.9;40.0;21.5;8.4;4.9;14.8;22.4;2005-2006
Washington;99.8;36.8;79.0;46.5;6.1;16.8;36.3;20.2;27.1;74.5;11.8;30.2;42.0;21.5;6.5;4.2;16.2;25.3;2005-2006
Golden State;99.8;37.2;81.4;45.7;5.7;16.3;35.1;19.8;26.7;74.3;12.0;32.5;44.5;22.3;7.0;5.0;15.3;23.4;2005-2006
Denver;100.1;37.4;82.5;45.4;6.5;18.0;35.8;18.8;25.5;73.6;11.8;30.1;41.9;23.9;7.1;5.3;16.1;23.3;2005-2006
Charlotte ;100.9;37.4;78.2;47.8;5.6;15.7;35.6;20.5;27.8;73.7;11.5;32.5;44.0;22.9;7.0;5.4;17.9;23.5;2005-2006
Philadelphia;101.3;37.8;81.7;46.3;6.1;17.3;35.1;19.6;25.7;76.2;11.9;30.9;42.8;23.0;7.7;4.7;15.5;23.1;2005-2006
Atlanta;102.0;37.5;78.5;47.8;5.4;14.7;36.8;21.6;28.9;74.5;12.0;28.5;40.4;20.6;7.3;5.1;15.0;22.6;2005-2006
New York;102.0;36.2;77.5;46.7;6.9;18.2;37.8;22.8;30.2;75.3;10.8;27.8;38.6;21.3;8.2;5.3;14.1;25.4;2005-2006
Phoenix;102.8;39.5;87.1;45.4;6.3;17.4;36.3;17.4;23.9;73.1;12.5;33.4;45.9;18.9;7.2;3.4;14.9;19.8;2005-2006
Toronto ;104.0;38.6;78.6;49.1;6.2;16.6;37.3;20.7;27.6;74.8;10.2;31.0;41.1;23.6;6.3;4.4;14.2;22.4;2005-2006
Seattle ;105.6;39.0;80.4;48.5;6.6;17.6;37.5;20.9;27.5;76.0;12.2;28.2;40.5;24.1;7.3;4.9;14.6;22.2;2005-2006
San Antonio ;88.4;33.1;77.5;42.6;3.9;10.7;36.7;18.3;23.8;76.8;10.9;29.3;40.2;16.9;7.2;5.1;15.1;23.1;2004-2005
Detroit;89.5;34.0;79.2;43.0;5.0;14.8;33.8;16.4;21.8;75.1;11.3;28.3;39.6;19.7;7.4;4.5;13.8;22.6;2004-2005
Houston;91.0;33.2;78.3;42.3;5.5;16.4;33.8;19.2;25.8;74.2;10.9;29.8;40.7;20.7;7.4;4.1;13.3;21.6;2004-2005
Memphis ;91.1;32.7;75.8;43.2;5.2;14.8;35.1;20.5;26.6;77.1;12.1;29.1;41.2;19.9;7.5;5.8;15.9;22.6;2004-2005
Indiana ;92.2;33.8;76.6;44.0;4.8;13.1;36.5;20.0;26.9;74.3;11.9;29.5;41.3;18.8;6.7;4.9;13.9;23.0;2004-2005
New Jersey ;92.9;33.0;75.2;43.9;5.9;16.1;36.8;20.9;28.1;74.4;10.7;30.5;41.2;20.3;7.3;4.9;15.6;22.9;2004-2005
Chicago;93.4;33.7;79.9;42.2;5.1;15.2;33.4;20.9;28.1;74.4;11.9;30.8;42.7;20.9;8.4;5.3;15.5;23.3;2004-2005
Miami;95.0;34.9;81.8;42.7;5.4;15.5;34.8;19.8;26.0;76.0;11.2;29.2;40.5;19.8;7.5;3.2;13.2;24.6;2004-2005
Minnesota ;95.3;36.2;82.6;43.8;5.7;15.7;36.3;17.2;22.9;75.2;12.6;28.8;41.4;21.7;6.6;3.9;11.7;19.9;2004-2005
New Orleans;95.5;34.7;76.8;45.2;6.0;16.4;36.7;20.0;25.9;77.5;11.5;30.3;41.9;21.2;7.7;5.5;14.2;21.1;2004-2005
Cleveland ;95.7;35.5;78.6;45.2;5.1;13.7;37.6;19.5;26.0;75.0;11.4;28.3;39.8;21.2;6.7;5.1;14.8;21.6;2004-2005
L.A. Clippers;96.5;35.8;80.7;44.4;5.9;16.1;36.8;19.0;24.9;76.2;12.0;27.5;39.5;21.1;7.8;4.8;13.7;23.6;2004-2005
Seattle ;96.6;35.8;77.8;45.9;5.7;16.1;35.7;19.4;25.9;74.9;11.3;26.5;37.9;20.7;6.2;4.8;13.2;23.8;2004-2005
Dallas;96.8;35.9;81.9;43.8;5.5;16.7;33.0;19.5;25.9;75.4;13.1;30.1;43.2;20.9;7.1;4.9;15.6;23.2;2004-2005
Portland ;96.9;37.3;83.4;44.7;5.4;15.6;34.3;17.0;22.6;75.5;14.0;28.2;42.2;23.5;8.5;5.0;13.4;20.4;2004-2005
Utah ;97.3;33.3;72.7;45.8;5.9;15.8;37.5;24.7;32.4;76.4;10.5;27.2;37.7;19.4;7.9;5.8;14.4;25.1;2004-2005
Denver;97.5;36.0;80.6;44.7;5.6;16.4;34.5;19.9;26.7;74.6;11.9;29.8;41.7;21.7;7.8;5.6;16.4;23.9;2004-2005
New York;99.7;36.6;78.7;46.5;5.7;15.6;36.4;20.9;27.6;75.6;11.8;29.9;41.7;20.7;7.3;4.7;14.6;21.2;2004-2005
Philadelphia;99.9;35.7;80.7;44.3;6.9;19.0;36.2;21.5;28.0;76.7;11.6;32.5;44.1;22.9;8.3;4.7;17.0;23.5;2004-2005
Milwaukee;100.2;37.8;81.4;46.4;5.6;16.5;34.3;19.0;24.7;77.1;11.4;29.4;40.8;23.8;7.5;4.5;13.0;23.8;2004-2005
Charlotte ;100.2;36.8;79.4;46.3;5.4;14.9;36.1;21.3;27.8;76.7;11.7;31.5;43.2;21.6;7.6;5.4;15.8;22.7;2004-2005
Boston;100.4;36.1;81.3;44.4;6.0;16.7;35.6;22.3;29.5;75.3;12.7;29.6;42.3;22.7;8.7;4.9;15.6;23.6;2004-2005
Washington;100.8;37.8;82.3;45.9;6.4;17.5;36.4;18.9;24.8;76.2;12.4;30.6;43.0;23.0;7.1;5.0;15.9;24.3;2004-2005
Golden State;100.9;38.2;83.4;45.8;5.5;15.1;36.3;19.0;25.5;74.5;12.9;33.8;46.7;22.7;7.0;5.1;15.3;21.7;2004-2005
Toronto ;101.4;38.2;81.8;46.7;5.3;14.9;35.6;19.6;26.4;74.4;12.1;33.2;45.3;22.1;6.2;4.4;14.4;21.9;2004-2005
Sacramento;101.6;38.9;84.6;45.9;5.7;16.1;35.7;18.1;24.5;73.8;13.4;30.9;44.3;21.5;7.6;4.5;14.7;21.5;2004-2005
L.A. Lakers;101.7;38.3;84.5;45.3;6.7;18.6;36.1;18.4;23.5;78.0;12.5;29.9;42.4;24.4;7.6;5.1;11.8;22.1;2004-2005
Orlando ;101.8;37.6;83.2;45.1;5.4;15.7;34.3;21.2;28.1;75.4;12.5;29.6;42.1;21.3;8.5;4.3;14.5;23.4;2004-2005
Atlanta;102.5;37.1;77.9;47.6;5.7;15.0;37.9;22.5;29.2;77.0;11.0;30.3;41.3;22.0;8.7;5.9;14.8;21.7;2004-2005
Phoenix;103.3;40.6;91.3;44.5;6.0;18.0;33.5;16.1;21.6;74.4;15.0;31.1;46.1;21.2;7.6;4.2;13.8;21.3;2004-2005
San Antonio ;+7.2;+2.7;+0.5;+3.2;+1.1;+2.3;+3.0;+0.4;+2.7;-6.3;+1.4;+2.5;+4.0;+3.1;+0.3;+1.9;-0.6;-2.0;2003-2004
Detroit;+5.8;+1.3;-0.7;+2.2;-0.2;-2.5;+4.2;+3.3;+4.1;+0.8;+0.4;+1.6;+2.1;+1.7;+0.1;+1.9;-0.8;-2.5;2003-2004
Indiana ;+5.7;+1.0;+1.7;+0.3;+1.4;+3.2;+2.6;+2.2;+2.6;+1.3;+1.1;+0.3;+1.5;+1.5;+1.7;-1.2;-1.4;-1.0;2003-2004
Minnesota ;+5.4;+3.5;-0.6;+4.7;-0.8;-3.4;+2.8;-0.7;-1.8;+2.7;-1.5;+2.9;+1.4;+2.3;+0.1;+2.0;-0.7;+0.9;2003-2004
Sacramento;+5.0;-0.4;-2.5;+0.8;+2.3;+3.5;+6.1;+3.5;+3.2;+4.6;-2.3;-0.3;-2.6;+4.9;+0.7;-1.0;-1.0;-2.8;2003-2004
Dallas;+4.4;+2.3;+4.9;0.0;-0.3;-0.1;-1.4;+0.1;-1.2;+4.9;+2.0;-0.2;+1.7;+0.3;+0.9;+0.6;-2.9;-0.9;2003-2004
L.A. Lakers;+3.9;+1.3;+0.4;+1.3;-0.6;-1.6;-0.9;+1.9;+4.7;-5.6;+0.9;-0.2;+0.6;+2.9;+0.8;+0.8;-1.4;-3.5;2003-2004
New Jersey ;+2.5;+1.4;+0.8;+1.4;-0.5;-0.8;-1.4;0.0;+0.3;-0.7;-0.1;0.0;-0.1;+4.6;+0.6;-0.6;-1.3;-0.2;2003-2004
Memphis ;+2.4;+1.2;+1.3;+0.8;+0.9;+2.7;+0.1;-1.0;0.0;-3.7;-0.6;-1.5;-2.1;+2.9;+1.4;+1.2;-2.0;+0.1;2003-2004
Houston;+1.7;+1.2;-2.5;+3.0;+0.7;+2.1;-0.6;-1.4;-3.0;+3.6;-0.7;+3.6;+2.8;-1.3;-1.8;+1.0;+3.2;+0.8;2003-2004
Denver;+1.0;-0.3;+1.2;-1.0;-0.5;-0.8;-2.0;+2.2;+1.6;+3.8;+0.3;-0.9;-0.6;-1.6;+0.9;+0.5;-1.4;-1.1;2003-2004
Milwaukee;+1.0;-0.7;-0.8;-0.4;-0.6;-1.8;-0.1;+3.2;+3.1;+3.5;-0.2;-0.2;-0.5;0.0;-0.7;-0.2;-0.6;-2.5;2003-2004
Miami;+0.5;+0.8;+2.5;-0.3;+0.6;+1.2;+1.4;-1.8;-2.2;-0.5;+0.5;-0.3;+0.2;+0.4;+0.1;-1.5;-0.8;+1.0;2003-2004
New Orleans;0.0;-0.8;+1.9;-2.1;+1.0;+4.4;-2.2;+0.5;+0.7;+0.1;+1.4;-0.7;+0.7;-0.9;+1.1;-1.0;-0.6;-0.2;2003-2004
Seattle ;-0.6;-0.5;-0.3;-0.4;+2.8;+6.6;+2.4;-2.5;-3.0;-0.9;-1.9;-1.3;-3.3;+0.6;+0.3;0.0;-0.2;+1.5;2003-2004
Golden State;-0.7;-0.8;-1.4;-0.3;+0.1;+2.1;-3.9;+0.8;+1.8;-2.1;+0.2;0.0;+0.2;-0.9;-1.0;-0.3;+0.8;-1.3;2003-2004
Utah ;-1.2;+1.8;+3.5;+0.3;-1.9;-5.1;-2.2;-2.8;-2.8;-2.4;+2.8;+1.7;+4.5;+1.7;-1.0;-0.4;+1.2;+1.1;2003-2004
Portland ;-1.2;-0.6;-1.2;-0.1;-0.4;-1.4;+0.4;+0.5;+1.3;-2.2;+0.2;+1.0;+1.3;-1.7;-0.5;+0.6;+1.1;+0.2;2003-2004
Boston;-1.4;-0.6;-2.5;+0.6;0.0;+0.7;-1.5;-0.1;-0.7;+1.4;-2.6;-1.0;-3.6;-2.4;+0.6;-0.9;-0.9;+0.2;2003-2004
New York;-1.4;+1.1;+0.2;+1.3;-0.1;-1.3;+2.6;-3.7;-5.6;+2.9;0.0;+1.2;+1.2;+0.2;-0.8;0.0;+1.9;+3.6;2003-2004
Philadelphia;-2.4;-0.8;-1.3;-0.3;-1.2;-4.1;+0.8;+0.4;+0.3;+0.8;-0.6;+0.1;-0.5;-1.3;-0.2;-1.2;+0.7;-0.6;2003-2004
Cleveland ;-2.6;-0.4;0.0;-0.4;-2.2;-4.5;-5.6;+0.4;+0.4;+0.3;+1.7;+1.7;+3.5;+0.3;-0.6;+1.2;+1.7;+1.0;2003-2004
Toronto ;-3.0;-0.8;-0.2;-0.9;+2.2;+4.9;+4.9;-3.6;-4.9;+0.2;-2.4;-2.9;-5.4;+0.6;+0.1;+0.8;-0.3;+1.5;2003-2004
Phoenix;-3.7;-0.2;0.0;-0.2;-0.7;-2.0;-0.3;-2.5;-2.7;-1.8;-1.3;-1.7;-3.1;-2.1;+1.0;-0.5;-0.6;+3.3;2003-2004
L.A. Clippers;-4.5;-3.1;-1.3;-3.1;-1.5;-2.8;-3.8;+3.2;+2.6;+4.4;+1.4;+0.7;+2.1;-2.6;-1.2;-0.7;+2.7;-0.5;2003-2004
Atlanta;-4.6;-1.6;-2.5;-0.7;-0.7;-1.1;-2.2;-0.4;-1.1;+1.6;-0.6;+0.2;-0.3;-1.8;-1.2;0.0;+2.4;+1.5;2003-2004
Washington;-5.6;-3.6;-2.2;-3.3;+0.1;+0.3;-0.1;+1.6;+4.1;-5.6;+0.8;-1.5;-0.7;-5.2;-0.6;-0.5;+1.4;-0.8;2003-2004
Chicago;-6.3;-1.0;+1.7;-2.1;-0.1;+0.2;-1.3;-4.1;-4.9;-2.2;+0.4;-1.9;-1.5;-1.1;-0.4;-0.6;+0.8;+2.7;2003-2004
Orlando ;-7.0;-3.2;-0.4;-3.6;-0.7;-0.6;-3.3;+0.1;+0.4;-0.5;-0.8;-2.6;-3.5;-5.1;-0.9;-1.7;+0.1;+0.6;2003-2004
Detroit;87.7;33.5;76.5;43.8;3.5;10.2;34.4;17.2;23.1;74.6;10.5;30.8;41.3;18.3;6.9;4.3;14.0;23.2;2002-2003
New Jersey ;90.1;33.6;78.8;42.7;5.2;14.5;35.9;17.7;23.7;74.9;11.4;30.0;41.4;19.6;8.5;5.2;16.6;22.9;2002-2003
San Antonio ;90.4;34.9;81.7;42.7;4.3;12.7;33.9;16.3;21.2;76.8;12.5;28.3;40.9;19.0;8.1;5.1;15.0;23.4;2002-2003
Miami;90.6;33.1;75.7;43.7;5.0;14.0;35.3;19.5;26.0;75.1;10.6;31.5;42.2;18.1;7.6;5.3;14.3;20.4;2002-2003
New Orleans;91.8;34.8;79.5;43.8;4.1;12.2;33.8;18.0;23.5;76.6;11.1;28.9;40.0;19.9;7.9;5.2;14.6;21.4;2002-2003
Seattle ;92.3;35.0;78.3;44.7;5.8;16.7;34.4;16.5;22.2;74.2;11.4;30.0;41.5;20.8;6.1;5.0;14.7;20.4;2002-2003
Utah ;92.3;33.5;77.4;43.3;5.3;15.3;34.9;19.8;26.1;75.9;12.3;25.9;38.2;19.5;8.8;5.2;15.9;23.8;2002-2003
Houston;92.3;35.3;81.5;43.3;4.7;13.6;34.7;17.1;22.0;77.5;11.9;28.7;40.6;20.5;8.1;4.6;13.2;21.9;2002-2003
Denver;92.4;32.9;74.2;44.3;5.1;13.8;37.0;21.6;28.5;75.7;10.5;29.8;40.3;21.5;9.0;6.6;17.1;21.8;2002-2003
Washington;92.5;35.1;79.4;44.2;5.5;15.1;36.2;16.9;21.9;77.1;11.6;29.8;41.4;21.7;7.5;4.4;14.3;22.0;2002-2003
Portland ;92.5;35.9;79.8;45.0;5.3;15.7;34.1;15.5;20.2;76.4;11.1;28.0;39.1;22.7;8.3;4.8;15.5;20.4;2002-2003
Boston;93.1;34.2;78.7;43.5;5.6;17.1;33.1;19.0;25.4;74.9;11.4;33.5;45.0;22.2;7.5;4.5;16.0;21.9;2002-2003
Indiana ;93.3;34.9;81.6;42.8;5.0;14.6;34.0;18.6;24.3;76.7;12.3;30.0;42.2;20.7;7.6;6.3;15.3;23.5;2002-2003
Phoenix;94.4;35.5;81.2;43.8;5.3;16.6;32.0;18.0;23.6;76.6;12.6;30.3;42.9;22.2;7.8;5.5;16.0;21.5;2002-2003
Philadelphia;94.5;35.1;77.6;45.2;5.5;15.6;35.4;18.9;24.8;76.0;11.1;29.3;40.3;22.1;7.8;6.4;17.1;23.0;2002-2003
Dallas;95.2;35.7;81.5;43.8;5.8;17.1;34.0;18.0;24.8;72.7;12.7;32.7;45.5;21.7;6.7;3.9;16.0;21.3;2002-2003
Sacramento;95.2;36.5;86.9;42.0;4.5;14.2;32.0;17.7;23.9;74.1;14.0;31.9;45.8;21.5;8.3;4.3;15.4;19.9;2002-2003
Minnesota ;96.0;36.6;83.8;43.7;5.8;16.6;34.7;17.0;22.6;75.2;11.9;29.8;41.7;22.8;7.0;4.9;13.6;20.6;2002-2003
Toronto ;96.8;37.0;80.4;46.1;4.5;12.0;37.5;18.2;24.0;75.9;11.9;31.7;43.6;21.1;7.4;5.0;13.7;20.8;2002-2003
New York;97.2;36.1;79.0;45.7;4.4;12.8;34.0;20.6;26.7;77.1;11.4;31.9;43.3;21.1;7.6;3.8;14.4;19.9;2002-2003
Atlanta;97.6;36.8;84.2;43.6;5.4;15.2;35.9;18.7;24.5;76.0;13.1;29.5;42.6;21.6;9.0;5.0;13.0;20.3;2002-2003
L.A. Clippers;97.9;37.0;82.8;44.7;5.5;15.2;36.5;18.4;23.7;77.4;12.8;30.0;42.8;22.4;8.0;5.1;14.0;22.5;2002-2003
L.A. Lakers;98.0;36.3;82.0;44.3;5.7;14.9;38.0;19.8;26.0;76.0;11.7;30.4;42.1;21.4;7.9;3.8;14.5;23.4;2002-2003
Orlando ;98.4;36.7;80.5;45.5;4.9;14.8;33.4;20.1;26.2;76.7;11.8;31.7;43.5;22.4;7.8;5.0;16.4;22.2;2002-2003
Milwaukee;99.3;37.1;81.0;45.8;5.8;15.6;37.5;19.2;25.8;74.5;12.5;31.0;43.4;23.1;6.6;4.1;14.4;20.5;2002-2003
Chicago;100.1;36.5;83.1;43.9;5.3;16.3;32.3;21.9;29.2;74.9;13.6;31.4;45.0;23.8;9.4;5.0;14.7;21.9;2002-2003
Memphis ;100.7;39.3;85.5;46.0;5.3;14.5;36.3;16.8;22.2;75.9;13.7;31.2;44.9;24.3;8.7;5.2;14.8;21.7;2002-2003
Cleveland ;101.0;37.5;82.8;45.3;5.2;14.6;35.8;20.9;27.1;77.2;11.4;30.4;41.7;24.0;9.8;6.0;14.2;20.8;2002-2003
Golden State;103.6;39.5;87.5;45.2;5.3;14.4;37.2;19.2;25.4;75.6;14.7;29.1;43.8;23.6;8.7;6.0;13.7;23.6;2002-2003
Miami;88.7;32.5;76.6;42.5;4.6;13.5;34.2;19.1;25.9;73.6;10.9;30.3;41.2;17.8;7.6;4.3;13.8;20.8;2001-2002
Philadelphia;89.4;33.8;79.3;42.6;5.3;16.1;33.1;16.5;21.9;75.1;12.0;28.6;40.6;21.6;8.0;5.6;14.7;22.3;2001-2002
San Antonio ;90.5;35.2;82.6;42.6;4.6;13.5;33.8;15.6;20.1;77.7;12.2;29.6;41.9;18.8;7.7;5.2;14.5;23.1;2001-2002
Toronto ;91.8;34.4;77.9;44.1;4.6;13.3;34.6;18.5;24.5;75.2;12.1;29.7;41.8;19.9;7.7;4.8;15.2;19.7;2001-2002
New Jersey ;92.0;34.9;81.3;42.9;5.0;14.3;34.8;17.4;23.0;75.3;12.2;30.7;42.9;19.1;8.2;5.4;16.1;20.3;2001-2002
Detroit;92.2;35.7;79.8;44.7;4.4;12.1;36.2;16.5;21.8;75.5;12.1;30.6;42.7;20.0;7.9;4.1;15.5;22.9;2001-2002
Charlotte;92.9;34.8;80.4;43.2;5.3;14.1;37.5;18.1;23.6;76.8;11.7;29.3;41.0;20.0;7.6;5.1;13.9;20.8;2001-2002
Portland ;93.7;36.0;79.4;45.3;5.7;15.7;36.3;16.0;21.6;74.1;10.9;28.4;39.2;23.7;7.5;5.0;14.7;20.1;2001-2002
Boston;94.1;34.1;80.2;42.5;6.3;18.4;34.0;19.7;25.5;77.1;11.6;34.2;45.9;22.0;7.6;5.8;16.3;21.1;2001-2002
L.A. Lakers;94.1;35.0;82.6;42.4;4.9;15.4;31.7;19.2;25.3;76.1;12.4;30.8;43.2;20.0;7.2;4.3;14.0;23.0;2001-2002
Washington;94.2;36.0;79.7;45.2;5.1;14.5;35.4;17.0;22.5;75.5;11.7;29.0;40.7;22.2;7.0;5.0;13.4;20.9;2001-2002
Seattle ;94.7;36.2;80.5;44.9;5.8;16.8;34.4;16.6;22.5;73.9;13.3;28.4;41.7;22.3;6.9;4.9;15.3;19.8;2001-2002
Utah ;95.1;33.9;75.8;44.7;5.7;14.8;38.3;21.7;28.1;77.1;11.3;26.9;38.2;19.3;9.1;6.7;16.7;25.2;2001-2002
New York;95.6;35.7;80.1;44.5;5.4;15.3;35.3;18.9;25.0;75.7;11.7;31.0;42.7;21.5;8.4;4.7;13.5;20.4;2001-2002
Phoenix;95.8;36.1;81.3;44.4;5.3;14.7;35.8;18.4;24.5;75.1;12.6;30.4;43.0;22.2;8.4;5.8;15.4;18.5;2001-2002
Minnesota ;96.0;36.1;81.1;44.5;6.0;16.1;37.2;17.7;23.9;74.2;11.1;28.4;39.5;22.6;6.6;5.0;13.4;20.4;2001-2002
L.A. Clippers;96.1;37.5;83.7;44.8;5.0;14.0;35.5;16.2;21.7;74.5;13.0;29.0;42.0;22.7;7.5;5.4;12.9;21.6;2001-2002
Indiana ;96.5;36.3;82.9;43.8;5.1;14.6;34.8;18.8;25.1;74.9;12.8;30.7;43.4;21.6;7.5;5.7;14.3;22.6;2001-2002
Sacramento;97.0;38.1;86.7;44.0;4.7;14.0;33.7;16.0;21.5;74.4;13.0;31.9;44.9;22.4;7.7;4.7;15.2;22.3;2001-2002
Houston;97.2;38.9;83.8;46.4;4.5;12.5;36.0;14.9;19.8;75.2;12.7;30.6;43.3;22.4;7.0;5.1;12.0;20.1;2001-2002
Memphis ;97.3;38.0;83.3;45.7;4.9;13.6;35.8;16.4;21.8;75.3;13.8;31.2;45.1;23.9;9.5;5.6;14.7;21.8;2001-2002
Milwaukee;97.7;36.8;83.5;44.1;6.0;16.8;35.8;18.2;24.0;75.7;12.8;29.7;42.5;23.0;7.3;4.4;12.9;20.0;2001-2002
Chicago;98.0;36.9;79.4;46.5;5.1;14.4;35.8;19.0;25.5;74.6;11.5;31.1;42.6;25.2;8.3;4.9;14.4;21.0;2001-2002
Denver;98.0;36.6;79.8;45.9;5.2;14.3;36.1;19.5;26.1;74.7;12.1;30.8;43.0;24.0;8.2;6.8;14.3;20.1;2001-2002
Atlanta;98.3;37.4;81.4;45.9;5.8;16.2;35.5;17.8;23.9;74.4;12.2;30.8;43.0;22.6;8.6;6.2;15.1;20.1;2001-2002
Cleveland ;98.6;37.2;81.4;45.7;5.8;14.6;39.4;18.4;24.6;74.8;11.3;29.0;40.4;24.3;7.3;5.6;13.0;20.0;2001-2002
Orlando ;98.9;38.0;83.3;45.6;5.0;14.2;35.2;17.9;24.3;73.7;13.2;32.1;45.4;23.5;8.0;4.7;15.8;21.2;2001-2002
Dallas;101.0;37.7;83.5;45.2;5.5;15.8;35.0;20.0;26.6;75.1;13.0;31.7;44.7;22.7;7.2;4.6;14.1;21.8;2001-2002
Golden State;103.1;39.2;85.3;45.9;4.9;14.2;34.8;19.8;25.9;76.3;13.4;29.9;43.3;24.4;8.6;6.2;14.3;23.8;2001-2002
